date,title
2025-04-02,도올 선생님이 유투브에서 중용을 dynamic 뭐라고 애기하셨는데 뭔지 알려줘
2025-04-02,위상의 물리적 의미 알려줘
2025-04-03,위상 한자어로 알려줘
2025-04-05,애플기기에서 붙여넣기 허용 안나오게 하는 방법 알려줘
2025-04-06,명상이 영어로 뭐야
2025-04-07,sleep wake 앱 언제 나오는지 알려줘
2025-04-08,갯수가 맞아 개수가 맞아
2025-04-08,허수 i는 미시세계 말고 다른 곳에도 존재해
2025-04-11,ai의 마지단계인 초월적인 ai를 뭐라고 불러
2025-04-26,이미지 생성 ai
