﻿item_type,path,status,notes
brief,outputs/agi_research_onepager.md,ready,영문 버전 (PDF 변환 예정)
brief,outputs/agi_research_onepager_ko.md,ready,한국어 버전 (PDF 변환 예정)
brief,outputs/ion_research_brief.md,ready,영문 3p 브리프 (PDF 변환 예정)
brief,outputs/ion_research_brief_ko.md,ready,한국어 3p 브리프 (PDF 변환 예정)
summary,outputs/perple_6m_summary.md,ready,Perple 6개월 스냅샷
slide_outline,outputs/slide_deck_outline.md,ready, Tier2 초안
compendium_outline,outputs/failure_compendium_outline.md,ready, Tier3 구조
visual,outputs/six_month_intensity.png,ready,내부/외부 월별 활동 그래프
csv,outputs/perple_internal_external_monthly.csv,ready,월별 비교 표
csv,outputs/perple_monthly_counts.csv,ready,Perple 월간 합계
csv,outputs/perple_6m_model_counts.csv,ready,6개월 모델 분포
csv,outputs/perple_6m_keyword_groups.csv,ready,키워드 그룹 요약
csv,outputs/perple_keyword_counts.csv,ready,키워드별 전체 카운트
index,outputs/perple_6m_index.md,ready,6개월 브리프 전체 인덱스
anonymized_dir,outputs/perple_anonymized/,ready,익명화 마크다운 세트
anonymized_data,outputs/ai_conversations_anonymized.csv,ready,Rua/Sena 익명화 데이터
anonymized_data,outputs/ai_conversations_anonymized.jsonl,ready,Rua/Sena 익명화 데이터
manifest,outputs/research_package_index.md,ready,패키지 수록 목차
todo,outputs/todo_next_steps.txt,in-progress,PDF 변환 및 추가 작업 체크
