{
  "status": "success",
  "window_hours": 24,
  "events_count": 869,
  "metrics": {
    "avg_confidence": 0.7274219800619401,
    "avg_quality": 0.85,
    "success_rate": 1.0,
    "avg_duration": 11.285815721111142
  },
  "resonance_state": {
    "info_density": -0.7666715951436198,
    "resonance": 0.9990014775348822,
    "entropy": 0.7752246675546515,
    "temporal_phase": 0.22154,
    "logical_coherence": 0.9,
    "ethical_alignment": 0.508,
    "horizon_crossings": 1,
    "current_step": 1
  },
  "prediction": {
    "timestamp": 1761988823.38,
    "current_phase": {
      "day": "Saturday",
      "axis": "When",
      "emotion": "Compassion",
      "alpha": 1.12,
      "beta": 0.58,
      "coherence": 0.92,
      "tempo_shift": 0.22
    },
    "predicted_resonance": 0.9990014775348822,
    "predicted_entropy": 0.7752246675546515,
    "horizon_warning": false,
    "recommended_action": "High resonance. Continue current approach."
  }
}