﻿{
    "timestamp":  "2025-11-02_072700",
    "gitCommit":  "e66c766ffc941692f20c702c6ee6ff63a8a5a227",
    "pythonVersion":  "3.13.7",
    "recentFiles":  [
                        {
                            "FullName":  "C:\\workspace\\agi\\AGENTS.md",
                            "LastWriteTime":  "\/Date(1761968273790)\/"
                        },
                        {
                            "FullName":  "C:\\workspace\\agi\\AGI_LIFE_CONTINUITY_COMPLETE.md",
                            "LastWriteTime":  "\/Date(1761993795515)\/"
                        },
                        {
                            "FullName":  "C:\\workspace\\agi\\AI_AUTONOMOUS_OPS_COMPLETION.md",
                            "LastWriteTime":  "\/Date(1761962250220)\/"
                        },
                        {
                            "FullName":  "C:\\workspace\\agi\\AI_HUMAN_COLLABORATION_WORKFLOW.md",
                            "LastWriteTime":  "\/Date(1761987803509)\/"
                        },
                        {
                            "FullName":  "C:\\workspace\\agi\\COMPLETE_AUTONOMOUS_SYSTEM.md",
                            "LastWriteTime":  "\/Date(1761985911485)\/"
                        },
                        {
                            "FullName":  "C:\\workspace\\agi\\COMPLETE_SESSION_MANAGEMENT_SYSTEM.md",
                            "LastWriteTime":  "\/Date(1761986590036)\/"
                        },
                        {
                            "FullName":  "C:\\workspace\\agi\\CONTEXT_PRESERVATION_AUDIT.md",
                            "LastWriteTime":  "\/Date(1761987411866)\/"
                        },
                        {
                            "FullName":  "C:\\workspace\\agi\\CONTEXT_PRESERVATION_RECOVERY.md",
                            "LastWriteTime":  "\/Date(1761987684913)\/"
                        },
                        {
                            "FullName":  "C:\\workspace\\agi\\GIT_COMMIT_MESSAGE_PHASE_4.md",
                            "LastWriteTime":  "\/Date(1761988857905)\/"
                        },
                        {
                            "FullName":  "C:\\workspace\\agi\\GIT_COMMIT_MESSAGE_PHASE_4_COMPLETE.md",
                            "LastWriteTime":  "\/Date(1762003049150)\/"
                        },
                        {
                            "FullName":  "C:\\workspace\\agi\\GIT_COMMIT_MESSAGE_PHASE_5_5.md",
                            "LastWriteTime":  "\/Date(1761969391475)\/"
                        },
                        {
                            "FullName":  "C:\\workspace\\agi\\MONITORING_QUICKSTART.md",
                            "LastWriteTime":  "\/Date(1761985005999)\/"
                        },
                        {
                            "FullName":  "C:\\workspace\\agi\\OPTIONAL_CHANNELS_INTEGRATION_COMPLETE.md",
                            "LastWriteTime":  "\/Date(1761965400876)\/"
                        },
                        {
                            "FullName":  "C:\\workspace\\agi\\ORCHESTRATION_CONNECTION_VERIFICATION.md",
                            "LastWriteTime":  "\/Date(1761958947254)\/"
                        },
                        {
                            "FullName":  "C:\\workspace\\agi\\ORIGINAL_DATA_PHASE_3_COMPLETE.md",
                            "LastWriteTime":  "\/Date(1761978568710)\/"
                        },
                        {
                            "FullName":  "C:\\workspace\\agi\\ORIGINAL_DATA_PHASE_4_COMPLETE.md",
                            "LastWriteTime":  "\/Date(1761988857725)\/"
                        },
                        {
                            "FullName":  "C:\\workspace\\agi\\PHASE_4_FINAL_SESSION_REPORT_2025-11-01.md",
                            "LastWriteTime":  "\/Date(1762001533734)\/"
                        },
                        {
                            "FullName":  "C:\\workspace\\agi\\PHASE_5_5_AUTONOMOUS_ORCHESTRATION_COMPLETE.md",
                            "LastWriteTime":  "\/Date(1761968892232)\/"
                        },
                        {
                            "FullName":  "C:\\workspace\\agi\\PHASE_6_PREDICTIVE_ORCHESTRATION_PLAN.md",
                            "LastWriteTime":  "\/Date(1761971309188)\/"
                        },
                        {
                            "FullName":  "C:\\workspace\\agi\\PROJECT_MASTER_STATUS.md",
                            "LastWriteTime":  "\/Date(1761971309265)\/"
                        }
                    ],
    "gitBranch":  "main",
    "note":  "ascii header+footer test",
    "nodeVersion":  "22.19.0",
    "activeProcesses":  [
                            {
                                "port":  8091,
                                "running":  true,
                                "name":  "TaskQueueServer"
                            },
                            {
                                "name":  "RPAWorker",
                                "running":  false
                            }
                        ]
}
