# Performance Metrics CSV - 2025-11-01 07:40:07
# Period: Last 7 days
# Systems Considered: 6

"System","Band","TotalRuns","Passed","Failed","Skipped","SuccessRate","EffectiveRuns","EffectiveSuccessRate","LastStatus"
"Intelligent Feedback","Excellent","2","2","0","0","100","2","100","PASS"
"Daily Briefing","Excellent","2","2","0","0","100","2","100","PASS"
"Orchestration","Needs","2","1","1","0","50","2","50","PASS"
"Resonance Loop","Excellent","2","2","0","0","100","2","100","PASS"
"BQI Phase 6","Excellent","2","2","0","0","100","2","100","PASS"
"YouTube Learning","No Data","2","0","0","2","0","0","0","SKIP"
