{
    "date": "2025-11-01",
    "path": "C:\\workspace\\original_data",
    "codeArtifacts": [
        {
            "file": "anomaly_detection.py",
            "highlights": [
                "ComprehensiveAnomalyDetectionSystem",
                "SeasonalAnomalyDetector(period=1440)",
                "detectors: z-score, isolation-forest, seasonality"
            ]
        },
        {
            "file": "scheduler.py",
            "highlights": [
                "APScheduler (Cron)",
                "OrchestratorScheduler Priority 1-25 daily",
                "execution history persisted"
            ]
        },
        {
            "file": "lumen_flow_sim.py",
            "highlights": [
                "seven-phase weekly cycle",
                "state: info_density, resonance, entropy, logic, ethics, temporal_phase, meta_bias"
            ]
        },
        {
            "file": "conscious_resonance_map.py"
        },
        {
            "file": "lumen_realdata_template.py"
        },
        {
            "file": "lumen_auto_eval.py"
        }
    ],
    "docArtifacts": [
        "AGENT_COMMUNICATION_PROTOCOL.md",
        "AGENT_ROLES_AND_RESPONSIBILITIES.md",
        "ARCHIVE_MANIFEST_2025-10-20.md",
        "AGI_관점_팀작업_종합분석_2025-10-21.md",
        "AI_에이전트_통합_작업계획_2025-10-22.md"
    ],
    "workspaceCrossReferences": [
        "fdo_agi_repo/integrations/youtube_lumen_enhancer.py",
        "outputs/youtube_enhanced_*.json"
    ],
    "conclusion": "Rhythm/seasonality, orchestration cadence, and resonance/energy temporal dynamics are implemented and documented under the specified path.",
    "notes": [
        "Consider adding smoke tests for seasonality detection and a dry-run for scheduler.",
        "Optionally wire a quick visualization pipeline for resonance/entropy trajectories."
    ]
}