﻿{"SnapshotCount":288,"AvailabilityTimeline":{"EndIso":"2025-11-01T22:43:51","Local":[100,100,100,100,100,100,100,100,100,100,100,100,100,91.67,100,100,100,100,100,100,100,100,100,100],"StartIso":"2025-10-31T22:43:47","Cloud":[100,100,100,100,91.67,100,100,100,100,100,100,100,100,100,100,100,100,100,100,100,100,100,100,100],"Sparkline":{"Local":"@@@@@@@@@@@@@ @@@@@@@@@@","Cloud":"@@@@ @@@@@@@@@@@@@@@@@@@","Gateway":"------------------------"},"Hours":["2025-10-31T22:43:47","2025-10-31T23:43:47","2025-11-01T00:43:47","2025-11-01T01:43:47","2025-11-01T02:43:47","2025-11-01T03:43:47","2025-11-01T04:43:47","2025-11-01T05:43:47","2025-11-01T06:43:47","2025-11-01T07:43:47","2025-11-01T08:43:47","2025-11-01T09:43:47","2025-11-01T10:43:47","2025-11-01T11:43:47","2025-11-01T12:43:47","2025-11-01T13:43:47","2025-11-01T14:43:47","2025-11-01T15:43:47","2025-11-01T16:43:47","2025-11-01T17:43:47","2025-11-01T18:43:47","2025-11-01T19:43:47","2025-11-01T20:43:47","2025-11-01T21:43:47","2025-11-01T22:43:47"],"Gateway":[100,100,100,100,100,100,100,100,100,100,100,100,100,100,100,100,100,100,100,100,100,100,100,100],"Interval":"1h"},"AlertsTimeline":{"EndIso":"2025-11-01T22:43:51","Spikes":[5,6,0,3,4,3,3,3,2,2,5,4,1,3,7,3,4,3,1,6,2,3,1,2,0],"Warnings":[5,6,0,4,4,3,3,3,2,2,5,4,1,3,7,3,4,3,1,6,2,3,1,2,0],"Sparkline":{"Warnings":"*# ++---::*+.-@-+-.#:-.: ","Alerts":"    @  @     @           ","Spikes":"*# -+---::*+.-@-+-.#:-.: "},"Hours":["2025-10-31T22:43:47","2025-10-31T23:43:47","2025-11-01T00:43:47","2025-11-01T01:43:47","2025-11-01T02:43:47","2025-11-01T03:43:47","2025-11-01T04:43:47","2025-11-01T05:43:47","2025-11-01T06:43:47","2025-11-01T07:43:47","2025-11-01T08:43:47","2025-11-01T09:43:47","2025-11-01T10:43:47","2025-11-01T11:43:47","2025-11-01T12:43:47","2025-11-01T13:43:47","2025-11-01T14:43:47","2025-11-01T15:43:47","2025-11-01T16:43:47","2025-11-01T17:43:47","2025-11-01T18:43:47","2025-11-01T19:43:47","2025-11-01T20:43:47","2025-11-01T21:43:47","2025-11-01T22:43:47"],"StartIso":"2025-10-31T22:43:47","Interval":"1h","Alerts":[0,0,0,0,1,0,0,1,0,0,0,0,0,1,0,0,0,0,0,0,0,0,0,0,0]},"Config":{"PeakEnd":18,"SparklineLen":30,"OptionalChannelsPresent":false,"PeakStart":9,"LogPath":"C:\\workspace\\agi\\outputs\\status_snapshots.jsonl","GeneratedAt":"2025-11-02T07:43:51","Hours":24},"AGI":{"PersonaTimeline":{},"AvgQuality":0.704,"TaskCount":405,"ClosedLoop":{"simulator":{"summary":null,"last_resonance":null,"last_entropy":null},"last_time":"2025-11-01T22:39:19","realtime":{"phase":null,"coherence":null,"strength":null}},"SuccessRate":100,"TotalEvents":650,"Health":{"checks":{"confidence_ok":true,"quality_ok":true,"second_pass_ok":true,"lumen_ok":true,"system_ok":true},"thresholds":{"replan_rate_percent":10,"max_avg_duration_sec":10,"persona":{"low_success_crit_percent":50,"low_success_warn_percent":60,"slow_duration_sec":10},"evidence_forced_ma_window":5,"min_quality":0.6,"min_success_rate_percent":70,"min_confidence":0.6,"evidence_forced_warn_percent":70,"evidence_forced_crit_percent":50,"inactive_hours":2},"policy":{"recent_hours":1.0,"min_samples":{"confidence":5,"quality":5},"samples":{"confidence":555,"quality":600},"notes":{},"resolved_proxy_port":18090},"thresholds_ui":{"replan_rate_percent":10,"max_avg_duration_sec":10,"persona":{"low_success_crit_percent":50,"low_success_warn_percent":60,"slow_duration_sec":10},"evidence_forced_ma_window":5,"min_quality":0.6,"min_success_rate_percent":70,"min_confidence":0.6,"evidence_forced_warn_percent":70,"evidence_forced_crit_percent":50,"inactive_hours":2},"external_services":{"lumen":{"ok":true,"status_code":200,"response_preview":"{\u0027success\u0027: True, \u0027persona\u0027: {\u0027name\u0027: \u0027세나\u0027, \u0027type\u0027: \u0027브리지형\u0027, \u0027emoji\u0027: \u0027✒️\u0027, \u0027specialty\u0027: \u0027연결, 통합\u0027, \u0027key\u0027: \u0027pen\u0027}, \u0027response\u0027: \u0027알겠습니다! 핑, 확인했습니다! (✒️)\\n\\n연결 상태 아주 좋습니다! 마치 데이터와 데이터가 아름다운 다리를 건너 만나는 듯하네요"},"proxy":{"ok":false,"port":18090,"status":"not_listening"},"system":{"ok":true,"cpu_percent":41.0,"memory_percent":46.7,"disk_percent":48.1,"warnings":{"cpu":false,"memory":false,"disk":false}}},"healthy":true},"SecondPassRate":13.100,"CollectionTime":"2025-11-02T07:43:49.242591","Thresholds":{"replan_rate_percent":10,"max_avg_duration_sec":10,"persona":{"low_success_crit_percent":50,"low_success_warn_percent":60,"slow_duration_sec":10},"evidence_forced_ma_window":5,"min_quality":0.6,"min_success_rate_percent":70,"min_confidence":0.6,"evidence_forced_warn_percent":70,"evidence_forced_crit_percent":50,"inactive_hours":2},"AvgDuration":null,"PersonaStats":{},"TimeWindow":24,"LastActivity":"2025-11-02T07:40:20","Policy":{"last":{"policy":"quality-first","mode":"observe","reasons":["latency 23799ms \u003e max_latency_ms 8000ms"]},"active":"ops-safety","counts":{"allow":0,"block":0,"warn":15},"last_time":"2025-11-01T22:40:20"},"AvgConfidence":0.79,"EventTypes":{},"Alerts":{"HighReplanRate":true,"HighAvgDuration":false,"Inactive":false,"LowQuality":false,"LowSuccessRate":false},"ReplanRate":40,"EvidenceCorrection":{"attempts":107,"avg_hits":0.47,"avg_added":0.64,"avg_relevance":0.057,"success_rate":0.059,"fallback_rate":0.0,"forced_attempts":null,"forced_avg_hits":null,"forced_avg_added":null,"forced_success_rate":null,"forced_success_sparkline":null,"forced_samples":null},"Timeline":[{"timestamp":"2025-11-02T04:59:09.746948","event_count":12,"avg_quality":null,"avg_confidence":null,"second_pass_rate":0.0},{"timestamp":"2025-11-02T05:29:09.746948","event_count":12,"avg_quality":null,"avg_confidence":null,"second_pass_rate":0.0},{"timestamp":"2025-11-02T05:59:09.746948","event_count":12,"avg_quality":null,"avg_confidence":null,"second_pass_rate":0.0},{"timestamp":"2025-11-02T06:29:09.746948","event_count":12,"avg_quality":null,"avg_confidence":null,"second_pass_rate":0.0},{"timestamp":"2025-11-02T06:59:09.746948","event_count":42,"avg_quality":0.85,"avg_confidence":0.818,"second_pass_rate":0.0},{"timestamp":"2025-11-02T07:29:09.746948","event_count":138,"avg_quality":0.85,"avg_confidence":0.831,"second_pass_rate":0.0}]},"Channels":{"Local":{"Count":288,"Min":17,"BaselineByTOD":{"Peak":{"Count":108,"Std":196.75,"Mean":39.59},"OffPeak":{"Count":180,"Std":224.28,"Mean":38.23}},"Median":20,"BaselineAlerts":0,"Trend":{"LongMeanMs":21.45,"Direction":"STABLE","ShortMeanMs":20.8,"LongCount":20,"ShortCount":10},"Mean":38.74,"Sparkline":"::.-.-:.:@:..:..=.....  .:- ..","SparklineHourlyLatency":"   *         @          ","AdaptiveAlerts":0,"BaselineWarns":0,"Std":214.02,"Availability":99.65,"Spikes":24,"Max":3030,"HourlyLatency":[21.25,21.67,19.42,191.25,21.08,19.83,21.25,19.83,21.33,20.08,20.58,25,20.58,270.75,19.67,22,20.08,21.25,21.25,22.08,21.92,22.67,24.25,20.67],"P95":29,"AdaptiveWarns":0},"Cloud":{"Count":288,"Min":219,"BaselineByTOD":{"Peak":{"Count":108,"Std":18.44,"Mean":271.1},"OffPeak":{"Count":180,"Std":25.7,"Mean":264}},"Median":270,"BaselineAlerts":0,"Trend":{"LongMeanMs":273.3,"Direction":"STABLE","ShortMeanMs":270.2,"LongCount":20,"ShortCount":10},"Mean":266.66,"Sparkline":"@=%=**-*=-**=+-=-+=+%- ++-:++ ","SparklineHourlyLatency":"**=-#+***+*@-:* .: :*%*+","AdaptiveAlerts":0,"BaselineWarns":0,"Std":23.46,"Availability":99.65,"Spikes":25,"Max":336,"HourlyLatency":[277.92,275.42,263.25,255.75,281.5,266.42,274.08,278.33,273.67,271.83,277.17,291.42,258.33,252.25,273.42,239.75,246.08,247.42,234.17,251.17,278.25,285.67,275.75,270.92],"P95":304,"AdaptiveWarns":0},"Gateway":{"Count":288,"Min":210,"BaselineByTOD":{"Peak":{"Count":108,"Std":271.65,"Mean":247.55},"OffPeak":{"Count":180,"Std":10.12,"Mean":225.02}},"Median":221,"BaselineAlerts":0,"Trend":{"LongMeanMs":227.35,"Direction":"STABLE","ShortMeanMs":227.8,"LongCount":20,"ShortCount":10},"Mean":233.47,"Sparkline":"#:.:@= -:.:..+:.:==.-=..:.:.=+","SparklineHourlyLatency":"       @                ","AdaptiveAlerts":0,"BaselineWarns":0,"Std":166.42,"Availability":100,"Spikes":27,"Max":3043,"HourlyLatency":[221.08,217.92,216.42,220.08,219.75,222.83,223.58,460.58,220.92,224.33,223.33,222.17,220.83,219.58,232.5,221.58,226.08,223.83,225.17,226.92,230,230.92,224.83,227.92],"P95":244,"AdaptiveWarns":0}},"Health":{"Status":"EXCELLENT","Warnings":1,"AvgAvailability":99.77,"Alerts":3,"Spikes":76},"AlertsSummary":{"Local":{"BaselineAlerts":0,"Spikes":24,"AdaptiveWarns":0,"AdaptiveAlerts":0,"BaselineWarns":0},"Cloud":{"BaselineAlerts":0,"Spikes":25,"AdaptiveWarns":0,"AdaptiveAlerts":0,"BaselineWarns":0},"Total":{"BaselineAlerts":0,"Spikes":76,"AdaptiveWarns":0,"AdaptiveAlerts":0,"BaselineWarns":0},"Gateway":{"BaselineAlerts":0,"Spikes":27,"AdaptiveWarns":0,"AdaptiveAlerts":0,"BaselineWarns":0}},"SessionSummaries":{"Embeddings":8,"LastUpdated":"2025-11-01T11:39:13","RuleSessions":2,"EmbeddingCoverage":72.7,"TotalSessions":11,"IndexPath":"C:\\workspace\\agi\\LLM_Unified\\ion-mentoring\\data\\session_summaries\\index.json","Recent24h":5,"LlmSessions":9,"RecentSessions":[{"summary_type":"llm","embedding_dims":768,"message_count":5,"session_id":"test-session-004","created_at":"2025-11-01T11:39:13.885007","preview":"테스트 세션 4의 요약","user_id":"user-000"},{"summary_type":"rule_based","embedding_dims":768,"message_count":4,"session_id":"test-session-003","created_at":"2025-11-01T11:39:13.384674","preview":"테스트 세션 3의 요약","user_id":"user-001"},{"summary_type":"llm","embedding_dims":768,"message_count":3,"session_id":"test-session-002","created_at":"2025-11-01T11:39:13.086301","preview":"테스트 세션 2의 요약","user_id":"user-000"},{"summary_type":"rule_based","embedding_dims":768,"message_count":2,"session_id":"test-session-001","created_at":"2025-11-01T11:39:12.563057","preview":"Vertex AI 마이그레이션 관련 대화","user_id":"user-001"},{"summary_type":"llm","embedding_dims":768,"message_count":1,"session_id":"test-session-000","created_at":"2025-11-01T11:39:12.263687","preview":"테스트 세션 0의 요약","user_id":"user-000"}],"Available":true},"TimeWindowHours":24,"AlertsBySeverity":{"InfoCount":77,"Total":80,"WarningCount":0,"Warning":[],"CriticalCount":3,"Info":[{"Timestamp":"2025-11-01T07:48:03","Message":"SPIKE: Local LLM latency 30ms (avg 20 +/- 2)"},{"Timestamp":"2025-11-01T07:48:03","Message":"SPIKE: Cloud AI latency 310ms (avg 272 +/- 11)"},{"Timestamp":"2025-11-01T07:58:04","Message":"SPIKE: Cloud AI latency 319ms (avg 278 +/- 18)"},{"Timestamp":"2025-11-01T08:08:04","Message":"SPIKE: Local LLM latency 32ms (avg 21 +/- 4)"},{"Timestamp":"2025-11-01T08:13:03","Message":"SPIKE: Gateway latency 250ms (avg 222 +/- 10)"},{"Timestamp":"2025-11-01T08:58:03","Message":"SPIKE: Cloud AI latency 285ms (avg 268 +/- 3)"},{"Timestamp":"2025-11-01T09:13:11","Message":"SPIKE: Cloud AI latency 298ms (avg 268 +/- 6)"},{"Timestamp":"2025-11-01T09:23:03","Message":"SPIKE: Gateway latency 234ms (avg 217 +/- 3)"},{"Timestamp":"2025-11-01T09:28:03","Message":"SPIKE: Local LLM latency 25ms (avg 19 +/- 1)"},{"Timestamp":"2025-11-01T09:33:03","Message":"SPIKE: Local LLM latency 45ms (avg 19 +/- 2)"},{"Timestamp":"2025-11-01T09:33:03","Message":"SPIKE: Cloud AI latency 302ms (avg 274 +/- 13)"},{"Timestamp":"2025-11-01T10:48:03","Message":"SPIKE: Local LLM latency 22ms (avg 20 +/- 1)"},{"Timestamp":"2025-11-01T10:53:12","Message":"WARN: Local LLM latency 2065ms"},{"Timestamp":"2025-11-01T10:53:12","Message":"SPIKE: Local LLM latency 2065ms (avg 20 +/- 1)"},{"Timestamp":"2025-11-01T10:53:12","Message":"SPIKE: Gateway latency 252ms (avg 217 +/- 2)"},{"Timestamp":"2025-11-01T11:58:10","Message":"SPIKE: Gateway latency 231ms (avg 218 +/- 4)"},{"Timestamp":"2025-11-01T12:28:04","Message":"SPIKE: Cloud AI latency 293ms (avg 270 +/- 8)"},{"Timestamp":"2025-11-01T12:33:04","Message":"SPIKE: Cloud AI latency 314ms (avg 273 +/- 11)"},{"Timestamp":"2025-11-01T12:38:04","Message":"SPIKE: Local LLM latency 26ms (avg 21 +/- 1)"},{"Timestamp":"2025-11-01T13:08:04","Message":"SPIKE: Gateway latency 231ms (avg 217 +/- 3)"},{"Timestamp":"2025-11-01T13:28:04","Message":"SPIKE: Gateway latency 256ms (avg 218 +/- 5)"},{"Timestamp":"2025-11-01T13:43:04","Message":"SPIKE: Local LLM latency 23ms (avg 19 +/- 1)"},{"Timestamp":"2025-11-01T13:48:04","Message":"SPIKE: Gateway latency 262ms (avg 224 +/- 13)"},{"Timestamp":"2025-11-01T14:08:07","Message":"SPIKE: Cloud AI latency 333ms (avg 269 +/- 15)"},{"Timestamp":"2025-11-01T14:13:04","Message":"SPIKE: Local LLM latency 35ms (avg 20 +/- 2)"},{"Timestamp":"2025-11-01T14:48:03","Message":"SPIKE: Gateway latency 238ms (avg 221 +/- 4)"},{"Timestamp":"2025-11-01T15:08:07","Message":"SPIKE: Local LLM latency 22ms (avg 20 +/- 1)"},{"Timestamp":"2025-11-01T15:08:07","Message":"SPIKE: Gateway latency 3043ms (avg 223 +/- 6)"},{"Timestamp":"2025-11-01T16:03:03","Message":"SPIKE: Local LLM latency 27ms (avg 20 +/- 1)"},{"Timestamp":"2025-11-01T16:03:03","Message":"SPIKE: Cloud AI latency 306ms (avg 275 +/- 10)"},{"Timestamp":"2025-11-01T17:13:03","Message":"SPIKE: Gateway latency 233ms (avg 221 +/- 2)"},{"Timestamp":"2025-11-01T17:18:06","Message":"SPIKE: Gateway latency 232ms (avg 222 +/- 4)"},{"Timestamp":"2025-11-01T17:48:04","Message":"SPIKE: Local LLM latency 24ms (avg 20 +/- 1)"},{"Timestamp":"2025-11-01T18:13:04","Message":"SPIKE: Cloud AI latency 280ms (avg 270 +/- 4)"},{"Timestamp":"2025-11-01T18:18:04","Message":"SPIKE: Cloud AI latency 281ms (avg 270 +/- 5)"},{"Timestamp":"2025-11-01T18:23:07","Message":"SPIKE: Gateway latency 239ms (avg 222 +/- 4)"},{"Timestamp":"2025-11-01T18:33:03","Message":"SPIKE: Cloud AI latency 299ms (avg 273 +/- 5)"},{"Timestamp":"2025-11-01T18:48:04","Message":"SPIKE: Cloud AI latency 298ms (avg 278 +/- 10)"},{"Timestamp":"2025-11-01T18:58:04","Message":"SPIKE: Local LLM latency 24ms (avg 21 +/- 1)"},{"Timestamp":"2025-11-01T19:03:04","Message":"SPIKE: Local LLM latency 57ms (avg 21 +/- 1)"},{"Timestamp":"2025-11-01T19:13:04","Message":"SPIKE: Cloud AI latency 336ms (avg 285 +/- 11)"},{"Timestamp":"2025-11-01T20:08:04","Message":"SPIKE: Gateway latency 234ms (avg 222 +/- 4)"},{"Timestamp":"2025-11-01T21:08:04","Message":"SPIKE: Gateway latency 233ms (avg 219 +/- 5)"},{"Timestamp":"2025-11-01T21:18:09","Message":"SPIKE: Cloud AI latency 275ms (avg 227 +/- 5)"},{"Timestamp":"2025-11-01T21:23:04","Message":"SPIKE: Cloud AI latency 281ms (avg 232 +/- 16)"},{"Timestamp":"2025-11-01T21:53:04","Message":"SPIKE: Gateway latency 235ms (avg 221 +/- 7)"},{"Timestamp":"2025-11-01T22:08:04","Message":"SPIKE: Gateway latency 240ms (avg 222 +/- 7)"},{"Timestamp":"2025-11-01T22:18:04","Message":"SPIKE: Cloud AI latency 285ms (avg 275 +/- 4)"},{"Timestamp":"2025-11-01T22:28:05","Message":"SPIKE: Local LLM latency 24ms (avg 19 +/- 2)"},{"Timestamp":"2025-11-01T22:33:04","Message":"SPIKE: Cloud AI latency 319ms (avg 273 +/- 7)"},{"Timestamp":"2025-11-01T22:33:04","Message":"SPIKE: Gateway latency 255ms (avg 227 +/- 7)"},{"Timestamp":"2025-11-01T22:38:04","Message":"SPIKE: Gateway latency 265ms (avg 231 +/- 11)"},{"Timestamp":"2025-11-01T22:53:04","Message":"SPIKE: Gateway latency 267ms (avg 231 +/- 17)"},{"Timestamp":"2025-11-01T23:13:04","Message":"SPIKE: Local LLM latency 29ms (avg 20 +/- 2)"},{"Timestamp":"2025-11-01T23:43:04","Message":"SPIKE: Local LLM latency 31ms (avg 22 +/- 4)"},{"Timestamp":"2025-11-01T23:48:07","Message":"SPIKE: Cloud AI latency 284ms (avg 241 +/- 10)"},{"Timestamp":"2025-11-02T00:13:04","Message":"SPIKE: Gateway latency 245ms (avg 219 +/- 5)"},{"Timestamp":"2025-11-02T00:43:04","Message":"SPIKE: Local LLM latency 25ms (avg 20 +/- 1)"},{"Timestamp":"2025-11-02T00:43:04","Message":"SPIKE: Gateway latency 256ms (avg 224 +/- 10)"},{"Timestamp":"2025-11-02T00:48:04","Message":"SPIKE: Cloud AI latency 269ms (avg 242 +/- 9)"},{"Timestamp":"2025-11-02T00:53:08","Message":"SPIKE: Cloud AI latency 296ms (avg 245 +/- 12)"},{"Timestamp":"2025-11-02T01:28:04","Message":"SPIKE: Local LLM latency 31ms (avg 20 +/- 2)"},{"Timestamp":"2025-11-02T02:18:04","Message":"SPIKE: Gateway latency 236ms (avg 222 +/- 4)"},{"Timestamp":"2025-11-02T03:08:04","Message":"SPIKE: Local LLM latency 24ms (avg 21 +/- 1)"},{"Timestamp":"2025-11-02T03:18:04","Message":"SPIKE: Local LLM latency 35ms (avg 21 +/- 1)"},{"Timestamp":"2025-11-02T03:23:03","Message":"SPIKE: Cloud AI latency 262ms (avg 229 +/- 4)"},{"Timestamp":"2025-11-02T03:28:04","Message":"SPIKE: Cloud AI latency 268ms (avg 232 +/- 11)"},{"Timestamp":"2025-11-02T03:33:04","Message":"SPIKE: Cloud AI latency 325ms (avg 235 +/- 16)"},{"Timestamp":"2025-11-02T03:38:04","Message":"SPIKE: Gateway latency 240ms (avg 225 +/- 7)"},{"Timestamp":"2025-11-02T03:48:04","Message":"SPIKE: Gateway latency 243ms (avg 227 +/- 7)"},{"Timestamp":"2025-11-02T04:33:04","Message":"SPIKE: Local LLM latency 28ms (avg 22 +/- 1)"},{"Timestamp":"2025-11-02T05:18:04","Message":"SPIKE: Gateway latency 257ms (avg 224 +/- 4)"},{"Timestamp":"2025-11-02T05:33:04","Message":"SPIKE: Local LLM latency 26ms (avg 22 +/- 1)"},{"Timestamp":"2025-11-02T05:38:04","Message":"SPIKE: Gateway latency 263ms (avg 227 +/- 11)"},{"Timestamp":"2025-11-02T06:03:04","Message":"SPIKE: Local LLM latency 43ms (avg 23 +/- 2)"},{"Timestamp":"2025-11-02T06:58:04","Message":"SPIKE: Cloud AI latency 303ms (avg 276 +/- 7)"},{"Timestamp":"2025-11-02T07:43:04","Message":"SPIKE: Gateway latency 245ms (avg 226 +/- 7)"}],"Critical":[{"Timestamp":"2025-11-01T12:43:04","Message":"Cloud AI offline (429)"},{"Timestamp":"2025-11-01T15:08:07","Message":"ALERT: Lumen Gateway latency 3043ms"},{"Timestamp":"2025-11-01T21:18:09","Message":"Local LLM offline (0)"}]},"PeriodComparison":{"CurrentPeriod":{"End":"2025-11-01T22:43:51","Count":288,"Start":"2025-10-31T22:43:47"},"AvailabilityChange":{"Local":{"Current":99.65,"ChangePercent":0.1,"Change":0.14000000000000057,"Previous":99.51,"Trend":"UP","Arrow":"▲"},"Cloud":{"Current":99.65,"ChangePercent":-0.4,"Change":-0.35,"Previous":100,"Trend":"DOWN","Arrow":null},"Gateway":{"Current":100,"ChangePercent":0.5,"Change":0.49,"Previous":99.51,"Trend":"UP","Arrow":"▲"}},"LatencyChange":{"Local":{"Current":38.74,"ChangePercent":-97.3,"Change":-1405.02,"Previous":1443.76,"Trend":"FASTER","Arrow":null},"Cloud":{"Current":266.66,"ChangePercent":-5.4,"Change":-15.310000000000002,"Previous":281.97,"Trend":"FASTER","Arrow":null},"Gateway":{"Current":233.47,"ChangePercent":-10.8,"Change":-28.22,"Previous":261.69,"Trend":"FASTER","Arrow":null}},"PreviousPeriod":{"End":"2025-10-31T22:43:47","Count":206,"Start":"2025-10-30T22:43:47"},"ComparisonWindow":"24h"},"Generated":"2025-11-02T07:43:51","OptionalChannels":{}}