﻿Timestamp,Level,Type,Channel,Message
2025-11-01T07:48:03,WARN,Spike,Local LLM,"SPIKE: Local LLM latency 30ms (avg 20 +/- 2)"
2025-11-01T07:48:03,WARN,Spike,Cloud AI,"SPIKE: Cloud AI latency 310ms (avg 272 +/- 11)"
2025-11-01T07:58:04,WARN,Spike,Cloud AI,"SPIKE: Cloud AI latency 319ms (avg 278 +/- 18)"
2025-11-01T08:08:04,WARN,Spike,Local LLM,"SPIKE: Local LLM latency 32ms (avg 21 +/- 4)"
2025-11-01T08:13:03,WARN,Spike,Gateway,"SPIKE: Gateway latency 250ms (avg 222 +/- 10)"
2025-11-01T08:58:03,WARN,Spike,Cloud AI,"SPIKE: Cloud AI latency 285ms (avg 268 +/- 3)"
2025-11-01T09:13:11,WARN,Spike,Cloud AI,"SPIKE: Cloud AI latency 298ms (avg 268 +/- 6)"
2025-11-01T09:23:03,WARN,Spike,Gateway,"SPIKE: Gateway latency 234ms (avg 217 +/- 3)"
2025-11-01T09:28:03,WARN,Spike,Local LLM,"SPIKE: Local LLM latency 25ms (avg 19 +/- 1)"
2025-11-01T09:33:03,WARN,Spike,Local LLM,"SPIKE: Local LLM latency 45ms (avg 19 +/- 2)"
2025-11-01T09:33:03,WARN,Spike,Cloud AI,"SPIKE: Cloud AI latency 302ms (avg 274 +/- 13)"
2025-11-01T10:48:03,WARN,Spike,Local LLM,"SPIKE: Local LLM latency 22ms (avg 20 +/- 1)"
2025-11-01T10:53:12,WARN,Other,,"WARN: Local LLM latency 2065ms"
2025-11-01T10:53:12,WARN,Spike,Local LLM,"SPIKE: Local LLM latency 2065ms (avg 20 +/- 1)"
2025-11-01T10:53:12,WARN,Spike,Gateway,"SPIKE: Gateway latency 252ms (avg 217 +/- 2)"
2025-11-01T11:58:10,WARN,Spike,Gateway,"SPIKE: Gateway latency 231ms (avg 218 +/- 4)"
2025-11-01T12:28:04,WARN,Spike,Cloud AI,"SPIKE: Cloud AI latency 293ms (avg 270 +/- 8)"
2025-11-01T12:33:04,WARN,Spike,Cloud AI,"SPIKE: Cloud AI latency 314ms (avg 273 +/- 11)"
2025-11-01T12:38:04,WARN,Spike,Local LLM,"SPIKE: Local LLM latency 26ms (avg 21 +/- 1)"
2025-11-01T12:43:04,ALERT,Other,,"Cloud AI offline (429)"
2025-11-01T13:08:04,WARN,Spike,Gateway,"SPIKE: Gateway latency 231ms (avg 217 +/- 3)"
2025-11-01T13:28:04,WARN,Spike,Gateway,"SPIKE: Gateway latency 256ms (avg 218 +/- 5)"
2025-11-01T13:43:04,WARN,Spike,Local LLM,"SPIKE: Local LLM latency 23ms (avg 19 +/- 1)"
2025-11-01T13:48:04,WARN,Spike,Gateway,"SPIKE: Gateway latency 262ms (avg 224 +/- 13)"
2025-11-01T14:08:07,WARN,Spike,Cloud AI,"SPIKE: Cloud AI latency 333ms (avg 269 +/- 15)"
2025-11-01T14:13:04,WARN,Spike,Local LLM,"SPIKE: Local LLM latency 35ms (avg 20 +/- 2)"
2025-11-01T14:48:03,WARN,Spike,Gateway,"SPIKE: Gateway latency 238ms (avg 221 +/- 4)"
2025-11-01T15:08:07,ALERT,Alert,,"ALERT: Lumen Gateway latency 3043ms"
2025-11-01T15:08:07,WARN,Spike,Local LLM,"SPIKE: Local LLM latency 22ms (avg 20 +/- 1)"
2025-11-01T15:08:07,WARN,Spike,Gateway,"SPIKE: Gateway latency 3043ms (avg 223 +/- 6)"
2025-11-01T16:03:03,WARN,Spike,Local LLM,"SPIKE: Local LLM latency 27ms (avg 20 +/- 1)"
2025-11-01T16:03:03,WARN,Spike,Cloud AI,"SPIKE: Cloud AI latency 306ms (avg 275 +/- 10)"
2025-11-01T17:13:03,WARN,Spike,Gateway,"SPIKE: Gateway latency 233ms (avg 221 +/- 2)"
2025-11-01T17:18:06,WARN,Spike,Gateway,"SPIKE: Gateway latency 232ms (avg 222 +/- 4)"
2025-11-01T17:48:04,WARN,Spike,Local LLM,"SPIKE: Local LLM latency 24ms (avg 20 +/- 1)"
2025-11-01T18:13:04,WARN,Spike,Cloud AI,"SPIKE: Cloud AI latency 280ms (avg 270 +/- 4)"
2025-11-01T18:18:04,WARN,Spike,Cloud AI,"SPIKE: Cloud AI latency 281ms (avg 270 +/- 5)"
2025-11-01T18:23:07,WARN,Spike,Gateway,"SPIKE: Gateway latency 239ms (avg 222 +/- 4)"
2025-11-01T18:33:03,WARN,Spike,Cloud AI,"SPIKE: Cloud AI latency 299ms (avg 273 +/- 5)"
2025-11-01T18:48:04,WARN,Spike,Cloud AI,"SPIKE: Cloud AI latency 298ms (avg 278 +/- 10)"
2025-11-01T18:58:04,WARN,Spike,Local LLM,"SPIKE: Local LLM latency 24ms (avg 21 +/- 1)"
2025-11-01T19:03:04,WARN,Spike,Local LLM,"SPIKE: Local LLM latency 57ms (avg 21 +/- 1)"
2025-11-01T19:13:04,WARN,Spike,Cloud AI,"SPIKE: Cloud AI latency 336ms (avg 285 +/- 11)"
2025-11-01T20:08:04,WARN,Spike,Gateway,"SPIKE: Gateway latency 234ms (avg 222 +/- 4)"
2025-11-01T21:08:04,WARN,Spike,Gateway,"SPIKE: Gateway latency 233ms (avg 219 +/- 5)"
2025-11-01T21:18:09,ALERT,Other,,"Local LLM offline (0)"
2025-11-01T21:18:09,WARN,Spike,Cloud AI,"SPIKE: Cloud AI latency 275ms (avg 227 +/- 5)"
2025-11-01T21:23:04,WARN,Spike,Cloud AI,"SPIKE: Cloud AI latency 281ms (avg 232 +/- 16)"
2025-11-01T21:53:04,WARN,Spike,Gateway,"SPIKE: Gateway latency 235ms (avg 221 +/- 7)"
2025-11-01T22:08:04,WARN,Spike,Gateway,"SPIKE: Gateway latency 240ms (avg 222 +/- 7)"
2025-11-01T22:18:04,WARN,Spike,Cloud AI,"SPIKE: Cloud AI latency 285ms (avg 275 +/- 4)"
2025-11-01T22:28:05,WARN,Spike,Local LLM,"SPIKE: Local LLM latency 24ms (avg 19 +/- 2)"
2025-11-01T22:33:04,WARN,Spike,Cloud AI,"SPIKE: Cloud AI latency 319ms (avg 273 +/- 7)"
2025-11-01T22:33:04,WARN,Spike,Gateway,"SPIKE: Gateway latency 255ms (avg 227 +/- 7)"
2025-11-01T22:38:04,WARN,Spike,Gateway,"SPIKE: Gateway latency 265ms (avg 231 +/- 11)"
2025-11-01T22:53:04,WARN,Spike,Gateway,"SPIKE: Gateway latency 267ms (avg 231 +/- 17)"
2025-11-01T23:13:04,WARN,Spike,Local LLM,"SPIKE: Local LLM latency 29ms (avg 20 +/- 2)"
2025-11-01T23:43:04,WARN,Spike,Local LLM,"SPIKE: Local LLM latency 31ms (avg 22 +/- 4)"
2025-11-01T23:48:07,WARN,Spike,Cloud AI,"SPIKE: Cloud AI latency 284ms (avg 241 +/- 10)"
2025-11-02T00:13:04,WARN,Spike,Gateway,"SPIKE: Gateway latency 245ms (avg 219 +/- 5)"
2025-11-02T00:43:04,WARN,Spike,Local LLM,"SPIKE: Local LLM latency 25ms (avg 20 +/- 1)"
2025-11-02T00:43:04,WARN,Spike,Gateway,"SPIKE: Gateway latency 256ms (avg 224 +/- 10)"
2025-11-02T00:48:04,WARN,Spike,Cloud AI,"SPIKE: Cloud AI latency 269ms (avg 242 +/- 9)"
2025-11-02T00:53:08,WARN,Spike,Cloud AI,"SPIKE: Cloud AI latency 296ms (avg 245 +/- 12)"
2025-11-02T01:28:04,WARN,Spike,Local LLM,"SPIKE: Local LLM latency 31ms (avg 20 +/- 2)"
2025-11-02T02:18:04,WARN,Spike,Gateway,"SPIKE: Gateway latency 236ms (avg 222 +/- 4)"
2025-11-02T03:08:04,WARN,Spike,Local LLM,"SPIKE: Local LLM latency 24ms (avg 21 +/- 1)"
2025-11-02T03:18:04,WARN,Spike,Local LLM,"SPIKE: Local LLM latency 35ms (avg 21 +/- 1)"
2025-11-02T03:23:03,WARN,Spike,Cloud AI,"SPIKE: Cloud AI latency 262ms (avg 229 +/- 4)"
2025-11-02T03:28:04,WARN,Spike,Cloud AI,"SPIKE: Cloud AI latency 268ms (avg 232 +/- 11)"
2025-11-02T03:33:04,WARN,Spike,Cloud AI,"SPIKE: Cloud AI latency 325ms (avg 235 +/- 16)"
2025-11-02T03:38:04,WARN,Spike,Gateway,"SPIKE: Gateway latency 240ms (avg 225 +/- 7)"
2025-11-02T03:48:04,WARN,Spike,Gateway,"SPIKE: Gateway latency 243ms (avg 227 +/- 7)"
2025-11-02T04:33:04,WARN,Spike,Local LLM,"SPIKE: Local LLM latency 28ms (avg 22 +/- 1)"
2025-11-02T05:18:04,WARN,Spike,Gateway,"SPIKE: Gateway latency 257ms (avg 224 +/- 4)"
2025-11-02T05:33:04,WARN,Spike,Local LLM,"SPIKE: Local LLM latency 26ms (avg 22 +/- 1)"
2025-11-02T05:38:04,WARN,Spike,Gateway,"SPIKE: Gateway latency 263ms (avg 227 +/- 11)"
2025-11-02T06:03:04,WARN,Spike,Local LLM,"SPIKE: Local LLM latency 43ms (avg 23 +/- 2)"
2025-11-02T06:58:04,WARN,Spike,Cloud AI,"SPIKE: Cloud AI latency 303ms (avg 276 +/- 7)"
2025-11-02T07:43:04,WARN,Spike,Gateway,"SPIKE: Gateway latency 245ms (avg 226 +/- 7)"