{
  "time": "2025-11-01T14:39:41",
  "summary_path": "C:\\workspace\\agi\\outputs\\architecture_probe_summary.json",
  "root": "C:\\workspace\\original_data",
  "found": 6,
  "total": 6,
  "percent": 100.0,
  "files": [
    {
      "file": "anomaly_detection.py",
      "root": "C:\\workspace\\original_data",
      "full_path": "C:\\workspace\\original_data\\anomaly_detection.py",
      "exists": true,
      "highlights": [
        "ComprehensiveAnomalyDetectionSystem",
        "SeasonalAnomalyDetector(period=1440)",
        "detectors: z-score, isolation-forest, seasonality"
      ]
    },
    {
      "file": "scheduler.py",
      "root": "C:\\workspace\\original_data",
      "full_path": "C:\\workspace\\original_data\\scheduler.py",
      "exists": true,
      "highlights": [
        "APScheduler (Cron)",
        "OrchestratorScheduler Priority 1-25 daily",
        "execution history persisted"
      ]
    },
    {
      "file": "lumen_flow_sim.py",
      "root": "C:\\workspace\\original_data",
      "full_path": "C:\\workspace\\original_data\\lumen_flow_sim.py",
      "exists": true,
      "highlights": [
        "seven-phase weekly cycle",
        "state: info_density, resonance, entropy, logic, ethics, temporal_phase, meta_bias"
      ]
    },
    {
      "file": "conscious_resonance_map.py",
      "root": "C:\\workspace\\original_data",
      "full_path": "C:\\workspace\\original_data\\conscious_resonance_map.py",
      "exists": true,
      "highlights": []
    },
    {
      "file": "lumen_realdata_template.py",
      "root": "C:\\workspace\\original_data",
      "full_path": "C:\\workspace\\original_data\\lumen_realdata_template.py",
      "exists": true,
      "highlights": []
    },
    {
      "file": "lumen_auto_eval.py",
      "root": "C:\\workspace\\original_data",
      "full_path": "C:\\workspace\\original_data\\lumen_auto_eval.py",
      "exists": true,
      "highlights": []
    }
  ],
  "status": "ok"
}