{"Timestamp":"2025-11-02T15:13:34","Online":{"Local2":false,"Local":true,"Cloud":true,"Gateway":true},"Channels":{"CloudMs":226,"GatewayMs":227,"LocalMs":20,"Local2Ms":null},"Trend":{"Local":{"Direction":"STABLE","ShortTermMeanMs":22.5,"PrevMs":null,"LongCount":20,"LongTermMeanMs":23.15,"Count":10,"StdMs":7.7064186811312609},"Cloud":{"Direction":"STABLE","ShortTermMeanMs":272.4,"PrevMs":null,"LongCount":20,"LongTermMeanMs":266.3,"Count":10,"StdMs":22.167042603328433},"Gateway":{"Direction":"STABLE","ShortTermMeanMs":221.3,"PrevMs":null,"LongCount":20,"LongTermMeanMs":221.85,"Count":10,"StdMs":4.2959929650263113}},"Warnings":[],"Issues":[]}