"System","Band","TotalRuns","Passed","Failed","Skipped","SuccessRate","EffectiveRuns","EffectiveSuccessRate","LastStatus"
"Intelligent Feedback","Excellent","3","3","0","0","100","3","100","PASS"
"Daily Briefing","Excellent","3","3","0","0","100","3","100","PASS"
"Orchestration","Needs Attention","3","2","1","0","66.6666666666667","3","66.6666666666667","PASS"
"Resonance Loop","Excellent","3","3","0","0","100","3","100","PASS"
"BQI Phase 6","Excellent","3","3","0","0","100","3","100","PASS"
"YouTube Learning","No Data","3","0","0","3","0","0","0","SKIP"
