{
    "health_score":  100,
    "memory":  {
                   "current":  45.2,
                   "min":  36.5,
                   "max":  50.2,
                   "trend":  "STABLE",
                   "average":  45.4
               },
    "timestamp":  "2025-11-03 11:35:25",
    "samples":  300,
    "analysis_time_ms":  150,
    "lookback_hours":  24,
    "cpu":  {
                "current":  41,
                "min":  2,
                "max":  100,
                "trend":  "STABLE",
                "average":  30
            }
}
