{"Timestamp":"2025-11-03T08:53:21","Online":{"Local2":false,"Local":true,"Cloud":true,"Gateway":true},"Channels":{"CloudMs":280,"GatewayMs":217,"LocalMs":20,"Local2Ms":null},"Trend":{"Local":{"Direction":"STABLE","ShortTermMeanMs":20.3,"PrevMs":null,"LongCount":20,"LongTermMeanMs":22.1,"Count":10,"StdMs":2.7507574714370344},"Cloud":{"Direction":"STABLE","ShortTermMeanMs":245.7,"PrevMs":null,"LongCount":20,"LongTermMeanMs":256.25,"Count":10,"StdMs":27.86495210036356},"Gateway":{"Direction":"STABLE","ShortTermMeanMs":224.6,"PrevMs":null,"LongCount":20,"LongTermMeanMs":226.65,"Count":10,"StdMs":5.4609726443393063}},"Warnings":[],"Issues":[]}