﻿{
    "generated_at":  "2025-11-03T00:15:47Z",
    "recent_activity":  {
                            "ledger_entries_24h":  100,
                            "autopoietic_report_age_hours":  8.3,
                            "last_ledger_update":  "2025-11-03T00:14:08.2312498Z"
                        },
    "performance":  {
                        "recommendation":  "Use Lumen (faster by 12857.6ms)",
                        "timestamp":  "2025-11-03T00:13:09Z",
                        "lm_studio":  {
                                          "avg_latency_ms":  13044,
                                          "success_rate":  1,
                                          "tokens_per_sec":  6.59,
                                          "available":  true
                                      },
                        "lumen":  {
                                      "avg_latency_ms":  186.4,
                                      "success_rate":  1,
                                      "available":  true
                                  }
                    },
    "system_status":  {
                          "routing_policy":  {
                                                 "auto_adjust":  true,
                                                 "latency_threshold_ms":  400,
                                                 "fallback_backend":  "lm_studio",
                                                 "primary_backend":  "lumen",
                                                 "last_updated":  "2025-11-02T09:43:25Z"
                                             },
                          "queue":  {
                                        "pending_tasks":  0,
                                        "workers":  0,
                                        "completed_tasks":  0,
                                        "online":  true,
                                        "success_rate":  0,
                                        "inflight_tasks":  0
                                    },
                          "health_score":  100,
                          "scheduled_tasks":  {
                                                  "ready":  12,
                                                  "running":  3,
                                                  "total":  15,
                                                  "disabled":  0
                                              },
                          "health_status":  "Healthy"
                      }
}
