{
  "window_hours": 24,
  "generated_at": "2025-11-02T23:35:06.988984",
  "counts": {
    "tasks_total": 523,
    "improved_with_citations": 301,
    "completed": 300,
    "replans": 36,
    "noreplans": 264,
    "pending": 1
  },
  "rates": {
    "replan_rate": 12.0,
    "evidence_ok_rate": 100.0
  },
  "citations": {
    "thesis_avg": 2.6411960132890364,
    "synthesis_avg": 5.28
  },
  "quality": {
    "noreplan_avg": 0.8410984848484848
  },
  "samples": [
    {
      "task_id": "batch_val_001",
      "thesis_citations": 3,
      "synthesis_citations": 6,
      "quality": 0.8,
      "evidence_ok": true,
      "replan": false
    },
    {
      "task_id": "batch_val_002",
      "thesis_citations": 3,
      "synthesis_citations": 6,
      "quality": 0.8,
      "evidence_ok": true,
      "replan": false
    },
    {
      "task_id": "batch_val_003",
      "thesis_citations": 3,
      "synthesis_citations": 6,
      "quality": 0.8,
      "evidence_ok": true,
      "replan": false
    },
    {
      "task_id": "batch_val_004",
      "thesis_citations": 3,
      "synthesis_citations": 6,
      "quality": 0.8,
      "evidence_ok": true,
      "replan": false
    },
    {
      "task_id": "batch_val_005",
      "thesis_citations": 3,
      "synthesis_citations": 6,
      "quality": 0.8,
      "evidence_ok": true,
      "replan": false
    }
  ]
}