﻿{
    "current":  "Operations",
    "enabled_services":  [
                             "metrics_collector_detailed",
                             "monitoring_report_ready",
                             "performance_dashboard_ready",
                             "health_check_ready"
                         ],
    "previous":  "Core",
    "auto_switch_rules":  {
                              "youtube_url_detected":  "Learning",
                              "life_score_below_50":  "Operations",
                              "code_change_detected":  "Development",
                              "00:00-06:00":  "Sleep"
                          },
    "disabled_services":  [

                          ],
    "active_since":  "2025-11-03T09:40:32.5400480+09:00"
}
