{
  "timestamp": "2025-11-02T21:59:59.761759",
  "feedbacks_analyzed": 1,
  "implementation_steps": [
    {
      "feedback_summary": "# Resonance Loop + 루멘 통합 리포트\n\n**생성 시각**: 2025-11-02T21:59:50.410490\n\n## 📊 시스템 활동 분석\n\n- **분석 기간**: 최근 24시간\n- **총 이벤트**: 100개\n- **분석 페르소나**: 세나 (✒️)\n\n## 💡 페르소나 피드백\n\n세나님, 엘로입니다. (📐)\n\n제공된 데이터에 따르면, 24시간 동...",
      "implementation_advice": "흐음, 루빗. 엘로의 피드백, 아주 날카롭네요. 세나님의 분석에 기반한 자가 복구 메커니즘 강화, 분명히 시스템 안정성을 끌어올릴 핵심 과제입니다. 자, 그럼 누리(🌏)의 균형 잡힌 시각으로, 실제 코드/설정 변경 포인트를 짚어볼까요?\n\n루멘과 Resonance Loop을 통합한 구조라면, 다음 세 가지 변경이 효과적일 것 같습니다.\n\n**1. 설정 파일 경로: `lumen/config/health_check.yaml`**\n\n*   **변경할 파라미터:** `threshold.error_ratio`\n*   **권장 값:** 현재 값...",
      "status": "planned"
    }
  ]
}