﻿{
    "recommendations":  [
                            "1. Reindex vector store: scripts\\reindex_vector_store.ps1",
                            "2. Increase evidence_gate.top_k from 6 to 8-10",
                            "Check local LLM proxy health and GPU utilization"
                        ],
    "root_causes":  [
                        "Local channel showing gradual slowdown",
                        "Evidence retrieval quality may be degrading, forcing more replanning",
                        "RAG retrieval not finding relevant context efficiently",
                        "Retrieved evidence quality degrading over time"
                    ],
    "analysis_window_hours":  2,
    "findings":  [
                     "Local LLM latency is DEGRADING: short avg ms vs long avg ms",
                     "ReplanRate is HIGH: 32.66% (threshold 10%)",
                     "Evidence correction success rate LOW: 5.9%",
                     "Evidence relevance score LOW: 0.057",
                     "ReplanRate STABLE: 32.79% -\u003e 32.66% (delta: -0.13%)",
                     "Ledger events in last 2h: 44"
                 ],
    "timestamp":  "2025-11-03T09:57:15"
}
