"System","Band","TotalRuns","Passed","Failed","Skipped","SuccessRate","EffectiveRuns","EffectiveSuccessRate","LastStatus"
"Intelligent Feedback","Excellent","1","1","0","0","100","1","100","PASS"
"Daily Briefing","Excellent","1","1","0","0","100","1","100","PASS"
"Orchestration","Excellent","1","1","0","0","100","1","100","PASS"
"Resonance Loop","Excellent","1","1","0","0","100","1","100","PASS"
"BQI Phase 6","Excellent","1","1","0","0","100","1","100","PASS"
"YouTube Learning","No Data","1","0","0","1","0","0","0","SKIP"
