{
  "circuit_state": "closed",
  "state_changed_at": 1762089077.300401,
  "health": {
    "lumen": {
      "name": "lumen",
      "consecutive_failures": 1,
      "consecutive_successes": 0,
      "last_failure_time": 1762089079.6114764,
      "last_success_time": null,
      "total_requests": 1,
      "total_failures": 1
    },
    "local": {
      "name": "local",
      "consecutive_failures": 0,
      "consecutive_successes": 0,
      "last_failure_time": null,
      "last_success_time": null,
      "total_requests": 0,
      "total_failures": 0
    }
  },
  "updated_at": "2025-11-02T22:11:19.612385"
}