{
    "metadata":  {
                     "shannon_entropy":  4.217,
                     "quality_coverage":  6.116504854368932,
                     "info_density":  0.061
                 },
    "analysis_window_hours":  24,
    "source":  "Trinity Dialectics (Lua-Elo-Lumen)",
    "timestamp":  "2025-11-03T00:55:21.2024162+09:00",
    "high_priority_count":  1,
    "target":  "Autopoietic Loop",
    "recommendations":  [
                            {
                                "priority":  "high",
                                "category":  "data_quality",
                                "message":  "정보 밀도가 낮음 (6.1%). 더 많은 메트릭 수집 필요",
                                "source":  "elo",
                                "actionable":  true
                            }
                        ]
}
