{
    "timestamp":  "2025-11-02 22:34:45",
    "metrics":  {
                    "timestamp":  "2025-11-02 22:34:45",
                    "cpu_load":  18,
                    "memory_usage":  45.9
                }
}
{
    "timestamp":  "2025-11-02 22:40:19",
    "metrics":  {
                    "timestamp":  "2025-11-02 22:40:12",
                    "cpu_load":  18,
                    "memory_usage":  46.2
                }
}
{
    "timestamp":  "2025-11-02 22:41:21",
    "metrics":  {
                    "timestamp":  "2025-11-02 22:41:20",
                    "cpu_load":  26,
                    "memory_usage":  45.8
                }
}
{
    "timestamp":  "2025-11-02 22:42:23",
    "metrics":  {
                    "timestamp":  "2025-11-02 22:42:22",
                    "cpu_load":  43,
                    "memory_usage":  46.5
                }
}
{
    "timestamp":  "2025-11-02 22:43:25",
    "metrics":  {
                    "timestamp":  "2025-11-02 22:43:24",
                    "cpu_load":  48,
                    "memory_usage":  46.2
                }
}
{
    "timestamp":  "2025-11-02 22:44:27",
    "metrics":  {
                    "timestamp":  "2025-11-02 22:44:26",
                    "cpu_load":  27,
                    "memory_usage":  46
                }
}
{
    "timestamp":  "2025-11-02 22:45:29",
    "metrics":  {
                    "timestamp":  "2025-11-02 22:45:28",
                    "cpu_load":  18,
                    "memory_usage":  46.7
                }
}
{
    "timestamp":  "2025-11-02 22:46:31",
    "metrics":  {
                    "timestamp":  "2025-11-02 22:46:30",
                    "cpu_load":  39,
                    "memory_usage":  46.3
                }
}
{
    "timestamp":  "2025-11-02 22:47:32",
    "metrics":  {
                    "timestamp":  "2025-11-02 22:47:32",
                    "cpu_load":  13,
                    "memory_usage":  45.5
                }
}
{
    "timestamp":  "2025-11-02 22:48:34",
    "metrics":  {
                    "timestamp":  "2025-11-02 22:48:34",
                    "cpu_load":  17,
                    "memory_usage":  46.1
                }
}
{
    "timestamp":  "2025-11-02 22:49:36",
    "metrics":  {
                    "timestamp":  "2025-11-02 22:49:35",
                    "cpu_load":  21,
                    "memory_usage":  45.9
                }
}
{
    "timestamp":  "2025-11-02 22:50:38",
    "metrics":  {
                    "timestamp":  "2025-11-02 22:50:37",
                    "cpu_load":  34,
                    "memory_usage":  46.2
                }
}
{
    "timestamp":  "2025-11-02 22:51:40",
    "metrics":  {
                    "timestamp":  "2025-11-02 22:51:39",
                    "cpu_load":  18,
                    "memory_usage":  45.7
                }
}
{
    "timestamp":  "2025-11-02 22:52:42",
    "metrics":  {
                    "timestamp":  "2025-11-02 22:52:41",
                    "cpu_load":  34,
                    "memory_usage":  46
                }
}
{
    "timestamp":  "2025-11-02 22:53:44",
    "metrics":  {
                    "timestamp":  "2025-11-02 22:53:43",
                    "cpu_load":  31,
                    "memory_usage":  46.2
                }
}
{
    "timestamp":  "2025-11-02 22:54:46",
    "metrics":  {
                    "timestamp":  "2025-11-02 22:54:45",
                    "cpu_load":  28,
                    "memory_usage":  46.4
                }
}
{
    "timestamp":  "2025-11-02 22:55:48",
    "metrics":  {
                    "timestamp":  "2025-11-02 22:55:47",
                    "cpu_load":  31,
                    "memory_usage":  46.1
                }
}
{
    "timestamp":  "2025-11-02 22:56:50",
    "metrics":  {
                    "timestamp":  "2025-11-02 22:56:49",
                    "cpu_load":  37,
                    "memory_usage":  46.5
                }
}
{
    "timestamp":  "2025-11-02 22:57:52",
    "metrics":  {
                    "timestamp":  "2025-11-02 22:57:51",
                    "cpu_load":  22,
                    "memory_usage":  46.3
                }
}
{
    "timestamp":  "2025-11-02 22:58:54",
    "metrics":  {
                    "timestamp":  "2025-11-02 22:58:53",
                    "cpu_load":  35,
                    "memory_usage":  47.5
                }
}
{
    "timestamp":  "2025-11-02 22:59:56",
    "metrics":  {
                    "timestamp":  "2025-11-02 22:59:55",
                    "cpu_load":  43,
                    "memory_usage":  46.3
                }
}
{
    "timestamp":  "2025-11-02 23:01:53",
    "metrics":  {
                    "timestamp":  "2025-11-02 23:00:57",
                    "cpu_load":  15,
                    "memory_usage":  46.4
                }
}
{
    "timestamp":  "2025-11-02 23:02:55",
    "metrics":  {
                    "timestamp":  "2025-11-02 23:02:54",
                    "cpu_load":  6,
                    "memory_usage":  46.3
                }
}
{
    "timestamp":  "2025-11-02 23:03:57",
    "metrics":  {
                    "timestamp":  "2025-11-02 23:03:56",
                    "cpu_load":  47,
                    "memory_usage":  46.8
                }
}
{
    "timestamp":  "2025-11-02 23:04:59",
    "metrics":  {
                    "timestamp":  "2025-11-02 23:04:58",
                    "cpu_load":  28,
                    "memory_usage":  46.7
                }
}
{
    "timestamp":  "2025-11-02 23:06:01",
    "metrics":  {
                    "timestamp":  "2025-11-02 23:06:00",
                    "cpu_load":  22,
                    "memory_usage":  46
                }
}
{
    "timestamp":  "2025-11-02 23:07:03",
    "metrics":  {
                    "timestamp":  "2025-11-02 23:07:02",
                    "cpu_load":  30,
                    "memory_usage":  46.1
                }
}
{
    "timestamp":  "2025-11-02 23:08:05",
    "metrics":  {
                    "timestamp":  "2025-11-02 23:08:04",
                    "cpu_load":  74,
                    "memory_usage":  46.3
                }
}
{
    "timestamp":  "2025-11-02 23:09:07",
    "metrics":  {
                    "timestamp":  "2025-11-02 23:09:07",
                    "cpu_load":  23,
                    "memory_usage":  46.7
                }
}
{
    "timestamp":  "2025-11-02 23:10:09",
    "metrics":  {
                    "timestamp":  "2025-11-02 23:10:09",
                    "cpu_load":  26,
                    "memory_usage":  46.8
                }
}
{
    "timestamp":  "2025-11-02 23:11:12",
    "metrics":  {
                    "timestamp":  "2025-11-02 23:11:11",
                    "cpu_load":  10,
                    "memory_usage":  47
                }
}
{
    "timestamp":  "2025-11-02 23:12:14",
    "metrics":  {
                    "timestamp":  "2025-11-02 23:12:13",
                    "cpu_load":  99,
                    "memory_usage":  46.9
                }
}
{
    "timestamp":  "2025-11-02 23:13:16",
    "metrics":  {
                    "timestamp":  "2025-11-02 23:13:15",
                    "cpu_load":  14,
                    "memory_usage":  46.5
                }
}
{
    "timestamp":  "2025-11-02 23:14:18",
    "metrics":  {
                    "timestamp":  "2025-11-02 23:14:18",
                    "cpu_load":  27,
                    "memory_usage":  46.7
                }
}
{
    "timestamp":  "2025-11-02 23:15:20",
    "metrics":  {
                    "timestamp":  "2025-11-02 23:15:20",
                    "cpu_load":  18,
                    "memory_usage":  46.2
                }
}
{
    "timestamp":  "2025-11-02 23:16:22",
    "metrics":  {
                    "timestamp":  "2025-11-02 23:16:22",
                    "cpu_load":  6,
                    "memory_usage":  46.5
                }
}
{
    "timestamp":  "2025-11-02 23:17:24",
    "metrics":  {
                    "timestamp":  "2025-11-02 23:17:23",
                    "cpu_load":  20,
                    "memory_usage":  46.4
                }
}
{
    "timestamp":  "2025-11-02 23:18:26",
    "metrics":  {
                    "timestamp":  "2025-11-02 23:18:25",
                    "cpu_load":  25,
                    "memory_usage":  47
                }
}
{
    "timestamp":  "2025-11-02 23:19:28",
    "metrics":  {
                    "timestamp":  "2025-11-02 23:19:27",
                    "cpu_load":  57,
                    "memory_usage":  47.3
                }
}
{
    "timestamp":  "2025-11-02 23:20:30",
    "metrics":  {
                    "timestamp":  "2025-11-02 23:20:29",
                    "cpu_load":  35,
                    "memory_usage":  47
                }
}
{
    "timestamp":  "2025-11-02 23:21:32",
    "metrics":  {
                    "timestamp":  "2025-11-02 23:21:31",
                    "cpu_load":  48,
                    "memory_usage":  47.7
                }
}
{
    "timestamp":  "2025-11-02 23:22:34",
    "metrics":  {
                    "timestamp":  "2025-11-02 23:22:34",
                    "cpu_load":  6,
                    "memory_usage":  46.5
                }
}
{
    "timestamp":  "2025-11-02 23:23:39",
    "metrics":  {
                    "timestamp":  "2025-11-02 23:23:36",
                    "cpu_load":  15,
                    "memory_usage":  47.3
                }
}
{
    "timestamp":  "2025-11-02 23:24:40",
    "metrics":  {
                    "timestamp":  "2025-11-02 23:24:40",
                    "cpu_load":  23,
                    "memory_usage":  46.5
                }
}
{
    "timestamp":  "2025-11-02 23:25:42",
    "metrics":  {
                    "timestamp":  "2025-11-02 23:25:42",
                    "cpu_load":  32,
                    "memory_usage":  47.1
                }
}
{
    "timestamp":  "2025-11-02 23:27:54",
    "metrics":  {
                    "timestamp":  "2025-11-02 23:26:44",
                    "cpu_load":  11,
                    "memory_usage":  46.8
                }
}
{
    "timestamp":  "2025-11-02 23:28:56",
    "metrics":  {
                    "timestamp":  "2025-11-02 23:28:56",
                    "cpu_load":  15,
                    "memory_usage":  46.7
                }
}
{
    "timestamp":  "2025-11-02 23:29:58",
    "metrics":  {
                    "timestamp":  "2025-11-02 23:29:58",
                    "cpu_load":  17,
                    "memory_usage":  47.4
                }
}
{
    "timestamp":  "2025-11-02 23:31:01",
    "metrics":  {
                    "timestamp":  "2025-11-02 23:31:00",
                    "cpu_load":  46,
                    "memory_usage":  47.3
                }
}
{
    "timestamp":  "2025-11-02 23:32:03",
    "metrics":  {
                    "timestamp":  "2025-11-02 23:32:02",
                    "cpu_load":  18,
                    "memory_usage":  47.6
                }
}
{
    "timestamp":  "2025-11-02 23:33:05",
    "metrics":  {
                    "timestamp":  "2025-11-02 23:33:04",
                    "cpu_load":  29,
                    "memory_usage":  47.4
                }
}
{
    "timestamp":  "2025-11-02 23:34:07",
    "metrics":  {
                    "timestamp":  "2025-11-02 23:34:06",
                    "cpu_load":  16,
                    "memory_usage":  46.7
                }
}
{
    "timestamp":  "2025-11-02 23:35:09",
    "metrics":  {
                    "timestamp":  "2025-11-02 23:35:08",
                    "cpu_load":  18,
                    "memory_usage":  46.8
                }
}
{
    "timestamp":  "2025-11-02 23:36:11",
    "metrics":  {
                    "timestamp":  "2025-11-02 23:36:10",
                    "cpu_load":  21,
                    "memory_usage":  46.6
                }
}
{
    "timestamp":  "2025-11-02 23:37:13",
    "metrics":  {
                    "timestamp":  "2025-11-02 23:37:12",
                    "cpu_load":  20,
                    "memory_usage":  47.1
                }
}
{
    "timestamp":  "2025-11-02 23:38:15",
    "metrics":  {
                    "timestamp":  "2025-11-02 23:38:14",
                    "cpu_load":  33,
                    "memory_usage":  46.9
                }
}
{
    "timestamp":  "2025-11-02 23:39:17",
    "metrics":  {
                    "timestamp":  "2025-11-02 23:39:16",
                    "cpu_load":  15,
                    "memory_usage":  46.9
                }
}
{
    "timestamp":  "2025-11-02 23:40:19",
    "metrics":  {
                    "timestamp":  "2025-11-02 23:40:18",
                    "cpu_load":  14,
                    "memory_usage":  47.2
                }
}
{
    "timestamp":  "2025-11-02 23:41:21",
    "metrics":  {
                    "timestamp":  "2025-11-02 23:41:20",
                    "cpu_load":  55,
                    "memory_usage":  47
                }
}
{
    "timestamp":  "2025-11-02 23:42:23",
    "metrics":  {
                    "timestamp":  "2025-11-02 23:42:22",
                    "cpu_load":  23,
                    "memory_usage":  46.8
                }
}
{
    "timestamp":  "2025-11-02 23:43:25",
    "metrics":  {
                    "timestamp":  "2025-11-02 23:43:24",
                    "cpu_load":  19,
                    "memory_usage":  46.7
                }
}
{
    "timestamp":  "2025-11-02 23:44:27",
    "metrics":  {
                    "timestamp":  "2025-11-02 23:44:26",
                    "cpu_load":  18,
                    "memory_usage":  46.9
                }
}
{
    "timestamp":  "2025-11-02 23:45:29",
    "metrics":  {
                    "timestamp":  "2025-11-02 23:45:28",
                    "cpu_load":  26,
                    "memory_usage":  47.8
                }
}
{
    "timestamp":  "2025-11-02 23:46:31",
    "metrics":  {
                    "timestamp":  "2025-11-02 23:46:30",
                    "cpu_load":  10,
                    "memory_usage":  47.1
                }
}
{
    "timestamp":  "2025-11-02 23:47:33",
    "metrics":  {
                    "timestamp":  "2025-11-02 23:47:32",
                    "cpu_load":  20,
                    "memory_usage":  48
                }
}
{
    "timestamp":  "2025-11-02 23:48:35",
    "metrics":  {
                    "timestamp":  "2025-11-02 23:48:35",
                    "cpu_load":  22,
                    "memory_usage":  47.9
                }
}
{
    "timestamp":  "2025-11-02 23:49:37",
    "metrics":  {
                    "timestamp":  "2025-11-02 23:49:37",
                    "cpu_load":  14,
                    "memory_usage":  46.7
                }
}
{
    "timestamp":  "2025-11-02 23:50:39",
    "metrics":  {
                    "timestamp":  "2025-11-02 23:50:39",
                    "cpu_load":  15,
                    "memory_usage":  47
                }
}
{
    "timestamp":  "2025-11-02 23:51:42",
    "metrics":  {
                    "timestamp":  "2025-11-02 23:51:41",
                    "cpu_load":  49,
                    "memory_usage":  47.2
                }
}
{
    "timestamp":  "2025-11-02 23:52:44",
    "metrics":  {
                    "timestamp":  "2025-11-02 23:52:43",
                    "cpu_load":  46,
                    "memory_usage":  47.5
                }
}
{
    "timestamp":  "2025-11-02 23:54:57",
    "metrics":  {
                    "timestamp":  "2025-11-02 23:53:45",
                    "cpu_load":  15,
                    "memory_usage":  47
                }
}
{
    "timestamp":  "2025-11-02 23:56:00",
    "metrics":  {
                    "timestamp":  "2025-11-02 23:55:59",
                    "cpu_load":  17,
                    "memory_usage":  47.2
                }
}
{
    "timestamp":  "2025-11-02 23:57:02",
    "metrics":  {
                    "timestamp":  "2025-11-02 23:57:01",
                    "cpu_load":  14,
                    "memory_usage":  46.9
                }
}
{
    "timestamp":  "2025-11-02 23:58:04",
    "metrics":  {
                    "timestamp":  "2025-11-02 23:58:03",
                    "cpu_load":  10,
                    "memory_usage":  47.5
                }
}
{
    "timestamp":  "2025-11-02 23:59:06",
    "metrics":  {
                    "timestamp":  "2025-11-02 23:59:05",
                    "cpu_load":  22,
                    "memory_usage":  47.9
                }
}
{
    "timestamp":  "2025-11-03 00:00:08",
    "metrics":  {
                    "timestamp":  "2025-11-03 00:00:07",
                    "cpu_load":  44,
                    "memory_usage":  48.5
                }
}
{
    "timestamp":  "2025-11-03 00:01:10",
    "metrics":  {
                    "timestamp":  "2025-11-03 00:01:09",
                    "cpu_load":  21,
                    "memory_usage":  48.4
                }
}
{
    "timestamp":  "2025-11-03 00:02:12",
    "metrics":  {
                    "timestamp":  "2025-11-03 00:02:11",
                    "cpu_load":  28,
                    "memory_usage":  47.3
                }
}
{
    "timestamp":  "2025-11-03 00:03:15",
    "metrics":  {
                    "timestamp":  "2025-11-03 00:03:14",
                    "cpu_load":  5,
                    "memory_usage":  47.4
                }
}
{
    "timestamp":  "2025-11-03 00:04:17",
    "metrics":  {
                    "timestamp":  "2025-11-03 00:04:16",
                    "cpu_load":  15,
                    "memory_usage":  48.5
                }
}
{
    "timestamp":  "2025-11-03 00:05:19",
    "metrics":  {
                    "timestamp":  "2025-11-03 00:05:18",
                    "cpu_load":  27,
                    "memory_usage":  48.3
                }
}
{
    "timestamp":  "2025-11-03 00:06:21",
    "metrics":  {
                    "timestamp":  "2025-11-03 00:06:20",
                    "cpu_load":  45,
                    "memory_usage":  48.6
                }
}
{
    "timestamp":  "2025-11-03 00:07:23",
    "metrics":  {
                    "timestamp":  "2025-11-03 00:07:22",
                    "cpu_load":  24,
                    "memory_usage":  47.6
                }
}
{
    "timestamp":  "2025-11-03 00:08:25",
    "metrics":  {
                    "timestamp":  "2025-11-03 00:08:25",
                    "cpu_load":  11,
                    "memory_usage":  48
                }
}
{
    "timestamp":  "2025-11-03 00:09:28",
    "metrics":  {
                    "timestamp":  "2025-11-03 00:09:27",
                    "cpu_load":  26,
                    "memory_usage":  48.2
                }
}
{
    "timestamp":  "2025-11-03 00:10:30",
    "metrics":  {
                    "timestamp":  "2025-11-03 00:10:29",
                    "cpu_load":  3,
                    "memory_usage":  47.4
                }
}
{
    "timestamp":  "2025-11-03 00:11:33",
    "metrics":  {
                    "timestamp":  "2025-11-03 00:11:31",
                    "cpu_load":  100,
                    "memory_usage":  48.1
                }
}
{
    "timestamp":  "2025-11-03 00:12:37",
    "metrics":  {
                    "timestamp":  "2025-11-03 00:12:34",
                    "cpu_load":  17,
                    "memory_usage":  47.8
                }
}
{
    "timestamp":  "2025-11-03 00:13:39",
    "metrics":  {
                    "timestamp":  "2025-11-03 00:13:38",
                    "cpu_load":  7,
                    "memory_usage":  47.4
                }
}
{
    "timestamp":  "2025-11-03 00:14:41",
    "metrics":  {
                    "timestamp":  "2025-11-03 00:14:40",
                    "cpu_load":  10,
                    "memory_usage":  47.4
                }
}
{
    "timestamp":  "2025-11-03 00:15:43",
    "metrics":  {
                    "timestamp":  "2025-11-03 00:15:42",
                    "cpu_load":  10,
                    "memory_usage":  47.4
                }
}
{
    "timestamp":  "2025-11-03 00:16:45",
    "metrics":  {
                    "timestamp":  "2025-11-03 00:16:44",
                    "cpu_load":  40,
                    "memory_usage":  48.1
                }
}
{
    "timestamp":  "2025-11-03 00:17:47",
    "metrics":  {
                    "timestamp":  "2025-11-03 00:17:46",
                    "cpu_load":  27,
                    "memory_usage":  47.5
                }
}
{
    "timestamp":  "2025-11-03 00:18:49",
    "metrics":  {
                    "timestamp":  "2025-11-03 00:18:48",
                    "cpu_load":  45,
                    "memory_usage":  47.7
                }
}
{
    "timestamp":  "2025-11-03 00:19:51",
    "metrics":  {
                    "timestamp":  "2025-11-03 00:19:51",
                    "cpu_load":  37,
                    "memory_usage":  47.6
                }
}
{
    "timestamp":  "2025-11-03 00:22:13",
    "metrics":  {
                    "timestamp":  "2025-11-03 00:20:53",
                    "cpu_load":  15,
                    "memory_usage":  47.6
                }
}
{
    "timestamp":  "2025-11-03 00:23:15",
    "metrics":  {
                    "timestamp":  "2025-11-03 00:23:14",
                    "cpu_load":  10,
                    "memory_usage":  47.8
                }
}
{
    "timestamp":  "2025-11-03 00:24:17",
    "metrics":  {
                    "timestamp":  "2025-11-03 00:24:16",
                    "cpu_load":  28,
                    "memory_usage":  47.7
                }
}
{
    "timestamp":  "2025-11-03 00:25:19",
    "metrics":  {
                    "timestamp":  "2025-11-03 00:25:18",
                    "cpu_load":  40,
                    "memory_usage":  47.6
                }
}
{
    "timestamp":  "2025-11-03 00:26:21",
    "metrics":  {
                    "timestamp":  "2025-11-03 00:26:20",
                    "cpu_load":  18,
                    "memory_usage":  48
                }
}
{
    "timestamp":  "2025-11-03 00:27:23",
    "metrics":  {
                    "timestamp":  "2025-11-03 00:27:23",
                    "cpu_load":  45,
                    "memory_usage":  47.6
                }
}
{
    "timestamp":  "2025-11-03 00:28:25",
    "metrics":  {
                    "timestamp":  "2025-11-03 00:28:25",
                    "cpu_load":  19,
                    "memory_usage":  47.7
                }
}
{
    "timestamp":  "2025-11-03 00:29:28",
    "metrics":  {
                    "timestamp":  "2025-11-03 00:29:27",
                    "cpu_load":  4,
                    "memory_usage":  47.8
                }
}
{
    "timestamp":  "2025-11-03 00:30:30",
    "metrics":  {
                    "timestamp":  "2025-11-03 00:30:29",
                    "cpu_load":  26,
                    "memory_usage":  48.3
                }
}
{
    "timestamp":  "2025-11-03 00:31:32",
    "metrics":  {
                    "timestamp":  "2025-11-03 00:31:31",
                    "cpu_load":  45,
                    "memory_usage":  48.4
                }
}
{
    "timestamp":  "2025-11-03 00:32:34",
    "metrics":  {
                    "timestamp":  "2025-11-03 00:32:33",
                    "cpu_load":  36,
                    "memory_usage":  48.3
                }
}
{
    "timestamp":  "2025-11-03 00:33:37",
    "metrics":  {
                    "timestamp":  "2025-11-03 00:33:36",
                    "cpu_load":  39,
                    "memory_usage":  48.3
                }
}
{
    "timestamp":  "2025-11-03 00:34:39",
    "metrics":  {
                    "timestamp":  "2025-11-03 00:34:38",
                    "cpu_load":  28,
                    "memory_usage":  47.8
                }
}
{
    "timestamp":  "2025-11-03 00:35:41",
    "metrics":  {
                    "timestamp":  "2025-11-03 00:35:40",
                    "cpu_load":  14,
                    "memory_usage":  47.6
                }
}
{
    "timestamp":  "2025-11-03 00:36:43",
    "metrics":  {
                    "timestamp":  "2025-11-03 00:36:42",
                    "cpu_load":  4,
                    "memory_usage":  47.5
                }
}
{
    "timestamp":  "2025-11-03 00:37:45",
    "metrics":  {
                    "timestamp":  "2025-11-03 00:37:44",
                    "cpu_load":  11,
                    "memory_usage":  48.3
                }
}
{
    "timestamp":  "2025-11-03 00:38:47",
    "metrics":  {
                    "timestamp":  "2025-11-03 00:38:46",
                    "cpu_load":  4,
                    "memory_usage":  47.6
                }
}
{
    "timestamp":  "2025-11-03 00:39:50",
    "metrics":  {
                    "timestamp":  "2025-11-03 00:39:48",
                    "cpu_load":  23,
                    "memory_usage":  48
                }
}
{
    "timestamp":  "2025-11-03 00:40:52",
    "metrics":  {
                    "timestamp":  "2025-11-03 00:40:51",
                    "cpu_load":  45,
                    "memory_usage":  48.4
                }
}
{
    "timestamp":  "2025-11-03 00:41:55",
    "metrics":  {
                    "timestamp":  "2025-11-03 00:41:53",
                    "cpu_load":  97,
                    "memory_usage":  48.1
                }
}
{
    "timestamp":  "2025-11-03 00:42:57",
    "metrics":  {
                    "timestamp":  "2025-11-03 00:42:56",
                    "cpu_load":  28,
                    "memory_usage":  47.7
                }
}
{
    "timestamp":  "2025-11-03 00:43:59",
    "metrics":  {
                    "timestamp":  "2025-11-03 00:43:58",
                    "cpu_load":  13,
                    "memory_usage":  47.6
                }
}
{
    "timestamp":  "2025-11-03 00:45:01",
    "metrics":  {
                    "timestamp":  "2025-11-03 00:45:00",
                    "cpu_load":  29,
                    "memory_usage":  48.6
                }
}
{
    "timestamp":  "2025-11-03 00:46:04",
    "metrics":  {
                    "timestamp":  "2025-11-03 00:46:03",
                    "cpu_load":  17,
                    "memory_usage":  48.4
                }
}
{
    "timestamp":  "2025-11-03 00:47:48",
    "metrics":  {
                    "timestamp":  "2025-11-03 00:47:05",
                    "cpu_load":  2,
                    "memory_usage":  49
                }
}
{
    "timestamp":  "2025-11-03 00:48:50",
    "metrics":  {
                    "timestamp":  "2025-11-03 00:48:49",
                    "cpu_load":  33,
                    "memory_usage":  48.3
                }
}
{
    "timestamp":  "2025-11-03 00:49:53",
    "metrics":  {
                    "timestamp":  "2025-11-03 00:49:52",
                    "cpu_load":  14,
                    "memory_usage":  47.7
                }
}
{
    "timestamp":  "2025-11-03 00:50:55",
    "metrics":  {
                    "timestamp":  "2025-11-03 00:50:54",
                    "cpu_load":  38,
                    "memory_usage":  49
                }
}
{
    "timestamp":  "2025-11-03 00:51:57",
    "metrics":  {
                    "timestamp":  "2025-11-03 00:51:56",
                    "cpu_load":  27,
                    "memory_usage":  48.2
                }
}
{
    "timestamp":  "2025-11-03 00:52:59",
    "metrics":  {
                    "timestamp":  "2025-11-03 00:52:58",
                    "cpu_load":  43,
                    "memory_usage":  48.5
                }
}
{
    "timestamp":  "2025-11-03 00:54:03",
    "metrics":  {
                    "timestamp":  "2025-11-03 00:54:02",
                    "cpu_load":  66,
                    "memory_usage":  49.9
                }
}
{
    "timestamp":  "2025-11-03 00:55:05",
    "metrics":  {
                    "timestamp":  "2025-11-03 00:55:04",
                    "cpu_load":  23,
                    "memory_usage":  49.8
                }
}
{
    "timestamp":  "2025-11-03 00:56:08",
    "metrics":  {
                    "timestamp":  "2025-11-03 00:56:07",
                    "cpu_load":  45,
                    "memory_usage":  50.2
                }
}
{
    "timestamp":  "2025-11-03 00:57:10",
    "metrics":  {
                    "timestamp":  "2025-11-03 00:57:09",
                    "cpu_load":  19,
                    "memory_usage":  48.5
                }
}
{
    "timestamp":  "2025-11-03 00:58:13",
    "metrics":  {
                    "timestamp":  "2025-11-03 00:58:12",
                    "cpu_load":  31,
                    "memory_usage":  49.2
                }
}
{
    "timestamp":  "2025-11-03 00:59:15",
    "metrics":  {
                    "timestamp":  "2025-11-03 00:59:14",
                    "cpu_load":  10,
                    "memory_usage":  48.7
                }
}
{
    "timestamp":  "2025-11-03 01:00:17",
    "metrics":  {
                    "timestamp":  "2025-11-03 01:00:16",
                    "cpu_load":  20,
                    "memory_usage":  49.2
                }
}
{
    "timestamp":  "2025-11-03 01:01:19",
    "metrics":  {
                    "timestamp":  "2025-11-03 01:01:18",
                    "cpu_load":  34,
                    "memory_usage":  48.7
                }
}
{
    "timestamp":  "2025-11-03 01:02:22",
    "metrics":  {
                    "timestamp":  "2025-11-03 01:02:21",
                    "cpu_load":  34,
                    "memory_usage":  48.9
                }
}
{
    "timestamp":  "2025-11-03 01:03:24",
    "metrics":  {
                    "timestamp":  "2025-11-03 01:03:23",
                    "cpu_load":  30,
                    "memory_usage":  49.6
                }
}
{
    "timestamp":  "2025-11-03 01:04:26",
    "metrics":  {
                    "timestamp":  "2025-11-03 01:04:25",
                    "cpu_load":  31,
                    "memory_usage":  49.2
                }
}
{
    "timestamp":  "2025-11-03 01:05:29",
    "metrics":  {
                    "timestamp":  "2025-11-03 01:05:28",
                    "cpu_load":  43,
                    "memory_usage":  48.5
                }
}
{
    "timestamp":  "2025-11-03 01:06:31",
    "metrics":  {
                    "timestamp":  "2025-11-03 01:06:30",
                    "cpu_load":  28,
                    "memory_usage":  49.4
                }
}
{
    "timestamp":  "2025-11-03 01:07:36",
    "metrics":  {
                    "timestamp":  "2025-11-03 01:07:33",
                    "cpu_load":  14,
                    "memory_usage":  47.9
                }
}
{
    "timestamp":  "2025-11-03 08:41:17",
    "metrics":  {
                    "timestamp":  "2025-11-03 08:40:12",
                    "cpu_load":  8,
                    "memory_usage":  36.8
                }
}
{
    "timestamp":  "2025-11-03 08:42:19",
    "metrics":  {
                    "timestamp":  "2025-11-03 08:42:19",
                    "cpu_load":  7,
                    "memory_usage":  36.5
                }
}
{
    "timestamp":  "2025-11-03 08:43:20",
    "metrics":  {
                    "timestamp":  "2025-11-03 08:43:20",
                    "cpu_load":  5,
                    "memory_usage":  36.6
                }
}
{
    "timestamp":  "2025-11-03 08:44:22",
    "metrics":  {
                    "timestamp":  "2025-11-03 08:44:21",
                    "cpu_load":  49,
                    "memory_usage":  40.2
                }
}
{
    "timestamp":  "2025-11-03 08:45:23",
    "metrics":  {
                    "timestamp":  "2025-11-03 08:45:23",
                    "cpu_load":  54,
                    "memory_usage":  41.1
                }
}
{
    "timestamp":  "2025-11-03 08:46:25",
    "metrics":  {
                    "timestamp":  "2025-11-03 08:46:24",
                    "cpu_load":  63,
                    "memory_usage":  41.9
                }
}
{
    "timestamp":  "2025-11-03 08:47:27",
    "metrics":  {
                    "timestamp":  "2025-11-03 08:47:26",
                    "cpu_load":  57,
                    "memory_usage":  41
                }
}
{
    "timestamp":  "2025-11-03 08:48:28",
    "metrics":  {
                    "timestamp":  "2025-11-03 08:48:28",
                    "cpu_load":  37,
                    "memory_usage":  42.3
                }
}
{
    "timestamp":  "2025-11-03 08:49:30",
    "metrics":  {
                    "timestamp":  "2025-11-03 08:49:29",
                    "cpu_load":  18,
                    "memory_usage":  41.2
                }
}
{
    "timestamp":  "2025-11-03 08:50:31",
    "metrics":  {
                    "timestamp":  "2025-11-03 08:50:31",
                    "cpu_load":  27,
                    "memory_usage":  42.3
                }
}
{
    "timestamp":  "2025-11-03 08:51:33",
    "metrics":  {
                    "timestamp":  "2025-11-03 08:51:32",
                    "cpu_load":  40,
                    "memory_usage":  41.3
                }
}
{
    "timestamp":  "2025-11-03 08:52:35",
    "metrics":  {
                    "timestamp":  "2025-11-03 08:52:34",
                    "cpu_load":  62,
                    "memory_usage":  42
                }
}
{
    "timestamp":  "2025-11-03 08:53:36",
    "metrics":  {
                    "timestamp":  "2025-11-03 08:53:36",
                    "cpu_load":  41,
                    "memory_usage":  41.7
                }
}
{
    "timestamp":  "2025-11-03 08:54:38",
    "metrics":  {
                    "timestamp":  "2025-11-03 08:54:37",
                    "cpu_load":  23,
                    "memory_usage":  42.5
                }
}
{
    "timestamp":  "2025-11-03 08:55:40",
    "metrics":  {
                    "timestamp":  "2025-11-03 08:55:39",
                    "cpu_load":  20,
                    "memory_usage":  41.7
                }
}
{
    "timestamp":  "2025-11-03 08:56:41",
    "metrics":  {
                    "timestamp":  "2025-11-03 08:56:41",
                    "cpu_load":  19,
                    "memory_usage":  41.7
                }
}
{
    "timestamp":  "2025-11-03 08:57:43",
    "metrics":  {
                    "timestamp":  "2025-11-03 08:57:42",
                    "cpu_load":  23,
                    "memory_usage":  41.6
                }
}
{
    "timestamp":  "2025-11-03 08:58:45",
    "metrics":  {
                    "timestamp":  "2025-11-03 08:58:44",
                    "cpu_load":  14,
                    "memory_usage":  41.6
                }
}
{
    "timestamp":  "2025-11-03 08:59:46",
    "metrics":  {
                    "timestamp":  "2025-11-03 08:59:46",
                    "cpu_load":  19,
                    "memory_usage":  42.3
                }
}
{
    "timestamp":  "2025-11-03 09:00:48",
    "metrics":  {
                    "timestamp":  "2025-11-03 09:00:47",
                    "cpu_load":  34,
                    "memory_usage":  42.2
                }
}
{
    "timestamp":  "2025-11-03 09:01:50",
    "metrics":  {
                    "timestamp":  "2025-11-03 09:01:49",
                    "cpu_load":  23,
                    "memory_usage":  42
                }
}
{
    "timestamp":  "2025-11-03 09:02:51",
    "metrics":  {
                    "timestamp":  "2025-11-03 09:02:51",
                    "cpu_load":  17,
                    "memory_usage":  42.4
                }
}
{
    "timestamp":  "2025-11-03 09:03:53",
    "metrics":  {
                    "timestamp":  "2025-11-03 09:03:53",
                    "cpu_load":  34,
                    "memory_usage":  43.2
                }
}
{
    "timestamp":  "2025-11-03 09:04:55",
    "metrics":  {
                    "timestamp":  "2025-11-03 09:04:54",
                    "cpu_load":  26,
                    "memory_usage":  42.7
                }
}
{
    "timestamp":  "2025-11-03 09:05:57",
    "metrics":  {
                    "timestamp":  "2025-11-03 09:05:56",
                    "cpu_load":  65,
                    "memory_usage":  42.8
                }
}
{
    "timestamp":  "2025-11-03 09:06:59",
    "metrics":  {
                    "timestamp":  "2025-11-03 09:06:58",
                    "cpu_load":  49,
                    "memory_usage":  43
                }
}
{
    "timestamp":  "2025-11-03 09:08:01",
    "metrics":  {
                    "timestamp":  "2025-11-03 09:08:00",
                    "cpu_load":  34,
                    "memory_usage":  42.8
                }
}
{
    "timestamp":  "2025-11-03 09:09:02",
    "metrics":  {
                    "timestamp":  "2025-11-03 09:09:02",
                    "cpu_load":  26,
                    "memory_usage":  43.1
                }
}
{
    "timestamp":  "2025-11-03 09:10:04",
    "metrics":  {
                    "timestamp":  "2025-11-03 09:10:04",
                    "cpu_load":  34,
                    "memory_usage":  42.9
                }
}
{
    "timestamp":  "2025-11-03 09:11:06",
    "metrics":  {
                    "timestamp":  "2025-11-03 09:11:05",
                    "cpu_load":  50,
                    "memory_usage":  43.1
                }
}
{
    "timestamp":  "2025-11-03 09:12:08",
    "metrics":  {
                    "timestamp":  "2025-11-03 09:12:07",
                    "cpu_load":  100,
                    "memory_usage":  42.9
                }
}
{
    "timestamp":  "2025-11-03 09:14:23",
    "metrics":  {
                    "timestamp":  "2025-11-03 09:13:09",
                    "cpu_load":  38,
                    "memory_usage":  42.9
                }
}
{
    "timestamp":  "2025-11-03 09:15:25",
    "metrics":  {
                    "timestamp":  "2025-11-03 09:15:24",
                    "cpu_load":  45,
                    "memory_usage":  43.7
                }
}
{
    "timestamp":  "2025-11-03 09:16:27",
    "metrics":  {
                    "timestamp":  "2025-11-03 09:16:26",
                    "cpu_load":  66,
                    "memory_usage":  43.5
                }
}
{
    "timestamp":  "2025-11-03 09:17:29",
    "metrics":  {
                    "timestamp":  "2025-11-03 09:17:28",
                    "cpu_load":  30,
                    "memory_usage":  43.2
                }
}
{
    "timestamp":  "2025-11-03 09:18:31",
    "metrics":  {
                    "timestamp":  "2025-11-03 09:18:30",
                    "cpu_load":  26,
                    "memory_usage":  43.4
                }
}
{
    "timestamp":  "2025-11-03 09:19:33",
    "metrics":  {
                    "timestamp":  "2025-11-03 09:19:32",
                    "cpu_load":  46,
                    "memory_usage":  44.5
                }
}
{
    "timestamp":  "2025-11-03 09:20:34",
    "metrics":  {
                    "timestamp":  "2025-11-03 09:20:34",
                    "cpu_load":  27,
                    "memory_usage":  44.3
                }
}
{
    "timestamp":  "2025-11-03 09:21:36",
    "metrics":  {
                    "timestamp":  "2025-11-03 09:21:36",
                    "cpu_load":  45,
                    "memory_usage":  44.4
                }
}
{
    "timestamp":  "2025-11-03 09:22:38",
    "metrics":  {
                    "timestamp":  "2025-11-03 09:22:38",
                    "cpu_load":  29,
                    "memory_usage":  44.1
                }
}
{
    "timestamp":  "2025-11-03 09:23:40",
    "metrics":  {
                    "timestamp":  "2025-11-03 09:23:40",
                    "cpu_load":  33,
                    "memory_usage":  44.9
                }
}
{
    "timestamp":  "2025-11-03 09:24:42",
    "metrics":  {
                    "timestamp":  "2025-11-03 09:24:42",
                    "cpu_load":  35,
                    "memory_usage":  45.3
                }
}
{
    "timestamp":  "2025-11-03 09:25:44",
    "metrics":  {
                    "timestamp":  "2025-11-03 09:25:44",
                    "cpu_load":  46,
                    "memory_usage":  44.4
                }
}
{
    "timestamp":  "2025-11-03 09:26:47",
    "metrics":  {
                    "timestamp":  "2025-11-03 09:26:46",
                    "cpu_load":  23,
                    "memory_usage":  45.4
                }
}
{
    "timestamp":  "2025-11-03 09:27:49",
    "metrics":  {
                    "timestamp":  "2025-11-03 09:27:48",
                    "cpu_load":  28,
                    "memory_usage":  44.6
                }
}
{
    "timestamp":  "2025-11-03 09:28:51",
    "metrics":  {
                    "timestamp":  "2025-11-03 09:28:50",
                    "cpu_load":  24,
                    "memory_usage":  44.7
                }
}
{
    "timestamp":  "2025-11-03 09:29:53",
    "metrics":  {
                    "timestamp":  "2025-11-03 09:29:52",
                    "cpu_load":  20,
                    "memory_usage":  44.5
                }
}
{
    "timestamp":  "2025-11-03 09:30:55",
    "metrics":  {
                    "timestamp":  "2025-11-03 09:30:54",
                    "cpu_load":  62,
                    "memory_usage":  44.4
                }
}
{
    "timestamp":  "2025-11-03 09:31:57",
    "metrics":  {
                    "timestamp":  "2025-11-03 09:31:56",
                    "cpu_load":  29,
                    "memory_usage":  44.3
                }
}
{
    "timestamp":  "2025-11-03 09:32:59",
    "metrics":  {
                    "timestamp":  "2025-11-03 09:32:58",
                    "cpu_load":  57,
                    "memory_usage":  44.9
                }
}
{
    "timestamp":  "2025-11-03 09:34:01",
    "metrics":  {
                    "timestamp":  "2025-11-03 09:34:00",
                    "cpu_load":  39,
                    "memory_usage":  45.4
                }
}
{
    "timestamp":  "2025-11-03 09:35:03",
    "metrics":  {
                    "timestamp":  "2025-11-03 09:35:02",
                    "cpu_load":  20,
                    "memory_usage":  44.5
                }
}
{
    "timestamp":  "2025-11-03 09:36:05",
    "metrics":  {
                    "timestamp":  "2025-11-03 09:36:04",
                    "cpu_load":  22,
                    "memory_usage":  44.8
                }
}
{
    "timestamp":  "2025-11-03 09:37:07",
    "metrics":  {
                    "timestamp":  "2025-11-03 09:37:06",
                    "cpu_load":  48,
                    "memory_usage":  44.9
                }
}
{
    "timestamp":  "2025-11-03 09:38:09",
    "metrics":  {
                    "timestamp":  "2025-11-03 09:38:08",
                    "cpu_load":  37,
                    "memory_usage":  44.9
                }
}
{
    "timestamp":  "2025-11-03 09:39:11",
    "metrics":  {
                    "timestamp":  "2025-11-03 09:39:10",
                    "cpu_load":  27,
                    "memory_usage":  45.4
                }
}
{
    "timestamp":  "2025-11-03 09:40:14",
    "metrics":  {
                    "timestamp":  "2025-11-03 09:40:13",
                    "cpu_load":  48,
                    "memory_usage":  44.8
                }
}
{
    "timestamp":  "2025-11-03 09:43:10",
    "metrics":  {
                    "timestamp":  "2025-11-03 09:41:15",
                    "cpu_load":  15,
                    "memory_usage":  44.4
                }
}
{
    "timestamp":  "2025-11-03 09:44:12",
    "metrics":  {
                    "timestamp":  "2025-11-03 09:44:12",
                    "cpu_load":  17,
                    "memory_usage":  44.9
                }
}
{
    "timestamp":  "2025-11-03 09:45:14",
    "metrics":  {
                    "timestamp":  "2025-11-03 09:45:14",
                    "cpu_load":  29,
                    "memory_usage":  45.5
                }
}
{
    "timestamp":  "2025-11-03 09:46:16",
    "metrics":  {
                    "timestamp":  "2025-11-03 09:46:16",
                    "cpu_load":  53,
                    "memory_usage":  44.6
                }
}
{
    "timestamp":  "2025-11-03 09:47:18",
    "metrics":  {
                    "timestamp":  "2025-11-03 09:47:18",
                    "cpu_load":  17,
                    "memory_usage":  44.3
                }
}
{
    "timestamp":  "2025-11-03 09:48:20",
    "metrics":  {
                    "timestamp":  "2025-11-03 09:48:19",
                    "cpu_load":  38,
                    "memory_usage":  45
                }
}
{
    "timestamp":  "2025-11-03 09:49:22",
    "metrics":  {
                    "timestamp":  "2025-11-03 09:49:21",
                    "cpu_load":  39,
                    "memory_usage":  44.3
                }
}
{
    "timestamp":  "2025-11-03 09:50:24",
    "metrics":  {
                    "timestamp":  "2025-11-03 09:50:23",
                    "cpu_load":  15,
                    "memory_usage":  44.3
                }
}
{
    "timestamp":  "2025-11-03 09:51:26",
    "metrics":  {
                    "timestamp":  "2025-11-03 09:51:25",
                    "cpu_load":  22,
                    "memory_usage":  45.5
                }
}
{
    "timestamp":  "2025-11-03 09:52:28",
    "metrics":  {
                    "timestamp":  "2025-11-03 09:52:27",
                    "cpu_load":  26,
                    "memory_usage":  44.9
                }
}
{
    "timestamp":  "2025-11-03 09:53:30",
    "metrics":  {
                    "timestamp":  "2025-11-03 09:53:29",
                    "cpu_load":  26,
                    "memory_usage":  45.7
                }
}
{
    "timestamp":  "2025-11-03 09:54:32",
    "metrics":  {
                    "timestamp":  "2025-11-03 09:54:31",
                    "cpu_load":  5,
                    "memory_usage":  44.6
                }
}
{
    "timestamp":  "2025-11-03 09:55:34",
    "metrics":  {
                    "timestamp":  "2025-11-03 09:55:33",
                    "cpu_load":  42,
                    "memory_usage":  45
                }
}
{
    "timestamp":  "2025-11-03 09:56:36",
    "metrics":  {
                    "timestamp":  "2025-11-03 09:56:35",
                    "cpu_load":  40,
                    "memory_usage":  45.2
                }
}
{
    "timestamp":  "2025-11-03 09:57:38",
    "metrics":  {
                    "timestamp":  "2025-11-03 09:57:37",
                    "cpu_load":  27,
                    "memory_usage":  45.4
                }
}
{
    "timestamp":  "2025-11-03 09:58:39",
    "metrics":  {
                    "timestamp":  "2025-11-03 09:58:39",
                    "cpu_load":  23,
                    "memory_usage":  44.8
                }
}
{
    "timestamp":  "2025-11-03 09:59:41",
    "metrics":  {
                    "timestamp":  "2025-11-03 09:59:41",
                    "cpu_load":  24,
                    "memory_usage":  44.6
                }
}
{
    "timestamp":  "2025-11-03 10:00:43",
    "metrics":  {
                    "timestamp":  "2025-11-03 10:00:43",
                    "cpu_load":  28,
                    "memory_usage":  45
                }
}
{
    "timestamp":  "2025-11-03 10:01:45",
    "metrics":  {
                    "timestamp":  "2025-11-03 10:01:45",
                    "cpu_load":  11,
                    "memory_usage":  44.9
                }
}
{
    "timestamp":  "2025-11-03 10:02:47",
    "metrics":  {
                    "timestamp":  "2025-11-03 10:02:47",
                    "cpu_load":  36,
                    "memory_usage":  44.7
                }
}
{
    "timestamp":  "2025-11-03 10:03:49",
    "metrics":  {
                    "timestamp":  "2025-11-03 10:03:49",
                    "cpu_load":  6,
                    "memory_usage":  44.7
                }
}
{
    "timestamp":  "2025-11-03 10:04:52",
    "metrics":  {
                    "timestamp":  "2025-11-03 10:04:51",
                    "cpu_load":  42,
                    "memory_usage":  45
                }
}
{
    "timestamp":  "2025-11-03 10:05:54",
    "metrics":  {
                    "timestamp":  "2025-11-03 10:05:53",
                    "cpu_load":  62,
                    "memory_usage":  45.1
                }
}
{
    "timestamp":  "2025-11-03 10:06:56",
    "metrics":  {
                    "timestamp":  "2025-11-03 10:06:55",
                    "cpu_load":  19,
                    "memory_usage":  44.5
                }
}
{
    "timestamp":  "2025-11-03 10:07:58",
    "metrics":  {
                    "timestamp":  "2025-11-03 10:07:57",
                    "cpu_load":  21,
                    "memory_usage":  44.6
                }
}
{
    "timestamp":  "2025-11-03 10:09:00",
    "metrics":  {
                    "timestamp":  "2025-11-03 10:08:59",
                    "cpu_load":  21,
                    "memory_usage":  45.4
                }
}
{
    "timestamp":  "2025-11-03 10:10:02",
    "metrics":  {
                    "timestamp":  "2025-11-03 10:10:01",
                    "cpu_load":  59,
                    "memory_usage":  45.7
                }
}
{
    "timestamp":  "2025-11-03 10:11:04",
    "metrics":  {
                    "timestamp":  "2025-11-03 10:11:03",
                    "cpu_load":  40,
                    "memory_usage":  45.3
                }
}
{
    "timestamp":  "2025-11-03 10:12:07",
    "metrics":  {
                    "timestamp":  "2025-11-03 10:12:06",
                    "cpu_load":  100,
                    "memory_usage":  45.4
                }
}
{
    "timestamp":  "2025-11-03 10:14:12",
    "metrics":  {
                    "timestamp":  "2025-11-03 10:13:08",
                    "cpu_load":  17,
                    "memory_usage":  45.4
                }
}
{
    "timestamp":  "2025-11-03 10:15:14",
    "metrics":  {
                    "timestamp":  "2025-11-03 10:15:13",
                    "cpu_load":  29,
                    "memory_usage":  45.5
                }
}
{
    "timestamp":  "2025-11-03 10:16:16",
    "metrics":  {
                    "timestamp":  "2025-11-03 10:16:15",
                    "cpu_load":  33,
                    "memory_usage":  45.5
                }
}
{
    "timestamp":  "2025-11-03 10:17:18",
    "metrics":  {
                    "timestamp":  "2025-11-03 10:17:18",
                    "cpu_load":  8,
                    "memory_usage":  45
                }
}
{
    "timestamp":  "2025-11-03 10:18:25",
    "metrics":  {
                    "timestamp":  "2025-11-03 10:18:20",
                    "cpu_load":  15,
                    "memory_usage":  45.2
                }
}
{
    "timestamp":  "2025-11-03 10:19:28",
    "metrics":  {
                    "timestamp":  "2025-11-03 10:19:26",
                    "cpu_load":  28,
                    "memory_usage":  45.2
                }
}
{
    "timestamp":  "2025-11-03 10:20:30",
    "metrics":  {
                    "timestamp":  "2025-11-03 10:20:29",
                    "cpu_load":  53,
                    "memory_usage":  46.4
                }
}
{
    "timestamp":  "2025-11-03 10:21:32",
    "metrics":  {
                    "timestamp":  "2025-11-03 10:21:31",
                    "cpu_load":  31,
                    "memory_usage":  45.8
                }
}
{
    "timestamp":  "2025-11-03 10:22:34",
    "metrics":  {
                    "timestamp":  "2025-11-03 10:22:33",
                    "cpu_load":  16,
                    "memory_usage":  45.1
                }
}
{
    "timestamp":  "2025-11-03 10:23:37",
    "metrics":  {
                    "timestamp":  "2025-11-03 10:23:35",
                    "cpu_load":  68,
                    "memory_usage":  41.4
                }
}
{
    "timestamp":  "2025-11-03 10:24:39",
    "metrics":  {
                    "timestamp":  "2025-11-03 10:24:38",
                    "cpu_load":  46,
                    "memory_usage":  45.2
                }
}
{
    "timestamp":  "2025-11-03 10:25:42",
    "metrics":  {
                    "timestamp":  "2025-11-03 10:25:40",
                    "cpu_load":  54,
                    "memory_usage":  44.7
                }
}
{
    "timestamp":  "2025-11-03 10:26:44",
    "metrics":  {
                    "timestamp":  "2025-11-03 10:26:43",
                    "cpu_load":  33,
                    "memory_usage":  45.2
                }
}
{
    "timestamp":  "2025-11-03 10:27:46",
    "metrics":  {
                    "timestamp":  "2025-11-03 10:27:45",
                    "cpu_load":  33,
                    "memory_usage":  45.7
                }
}
{
    "timestamp":  "2025-11-03 10:28:48",
    "metrics":  {
                    "timestamp":  "2025-11-03 10:28:47",
                    "cpu_load":  27,
                    "memory_usage":  45.6
                }
}
{
    "timestamp":  "2025-11-03 10:29:51",
    "metrics":  {
                    "timestamp":  "2025-11-03 10:29:50",
                    "cpu_load":  43,
                    "memory_usage":  44.9
                }
}
{
    "timestamp":  "2025-11-03 10:30:53",
    "metrics":  {
                    "timestamp":  "2025-11-03 10:30:52",
                    "cpu_load":  19,
                    "memory_usage":  45.2
                }
}
{
    "timestamp":  "2025-11-03 10:31:57",
    "metrics":  {
                    "timestamp":  "2025-11-03 10:31:54",
                    "cpu_load":  18,
                    "memory_usage":  45.2
                }
}
{
    "timestamp":  "2025-11-03 10:32:59",
    "metrics":  {
                    "timestamp":  "2025-11-03 10:32:58",
                    "cpu_load":  61,
                    "memory_usage":  41.7
                }
}
{
    "timestamp":  "2025-11-03 10:34:01",
    "metrics":  {
                    "timestamp":  "2025-11-03 10:34:01",
                    "cpu_load":  7,
                    "memory_usage":  44.3
                }
}
{
    "timestamp":  "2025-11-03 10:35:03",
    "metrics":  {
                    "timestamp":  "2025-11-03 10:35:03",
                    "cpu_load":  9,
                    "memory_usage":  44.1
                }
}
{
    "timestamp":  "2025-11-03 10:36:05",
    "metrics":  {
                    "timestamp":  "2025-11-03 10:36:05",
                    "cpu_load":  36,
                    "memory_usage":  44.3
                }
}
{
    "timestamp":  "2025-11-03 10:37:07",
    "metrics":  {
                    "timestamp":  "2025-11-03 10:37:07",
                    "cpu_load":  25,
                    "memory_usage":  44.4
                }
}
{
    "timestamp":  "2025-11-03 10:38:09",
    "metrics":  {
                    "timestamp":  "2025-11-03 10:38:09",
                    "cpu_load":  17,
                    "memory_usage":  45.2
                }
}
{
    "timestamp":  "2025-11-03 10:39:12",
    "metrics":  {
                    "timestamp":  "2025-11-03 10:39:11",
                    "cpu_load":  28,
                    "memory_usage":  44.5
                }
}
{
    "timestamp":  "2025-11-03 10:40:14",
    "metrics":  {
                    "timestamp":  "2025-11-03 10:40:13",
                    "cpu_load":  36,
                    "memory_usage":  44.2
                }
}
{
    "timestamp":  "2025-11-03 10:41:16",
    "metrics":  {
                    "timestamp":  "2025-11-03 10:41:15",
                    "cpu_load":  33,
                    "memory_usage":  43.4
                }
}
{
    "timestamp":  "2025-11-03 10:43:34",
    "metrics":  {
                    "timestamp":  "2025-11-03 10:42:17",
                    "cpu_load":  17,
                    "memory_usage":  42.4
                }
}
{
    "timestamp":  "2025-11-03 10:44:36",
    "metrics":  {
                    "timestamp":  "2025-11-03 10:44:35",
                    "cpu_load":  9,
                    "memory_usage":  42.3
                }
}
{
    "timestamp":  "2025-11-03 10:45:38",
    "metrics":  {
                    "timestamp":  "2025-11-03 10:45:37",
                    "cpu_load":  37,
                    "memory_usage":  42
                }
}
{
    "timestamp":  "2025-11-03 10:46:39",
    "metrics":  {
                    "timestamp":  "2025-11-03 10:46:39",
                    "cpu_load":  4,
                    "memory_usage":  41
                }
}
{
    "timestamp":  "2025-11-03 10:47:41",
    "metrics":  {
                    "timestamp":  "2025-11-03 10:47:40",
                    "cpu_load":  24,
                    "memory_usage":  42.1
                }
}
{
    "timestamp":  "2025-11-03 10:48:42",
    "metrics":  {
                    "timestamp":  "2025-11-03 10:48:42",
                    "cpu_load":  6,
                    "memory_usage":  41.6
                }
}
{
    "timestamp":  "2025-11-03 10:49:43",
    "metrics":  {
                    "timestamp":  "2025-11-03 10:49:43",
                    "cpu_load":  12,
                    "memory_usage":  41.2
                }
}
{
    "timestamp":  "2025-11-03 10:50:45",
    "metrics":  {
                    "timestamp":  "2025-11-03 10:50:44",
                    "cpu_load":  32,
                    "memory_usage":  42.5
                }
}
{
    "timestamp":  "2025-11-03 10:51:46",
    "metrics":  {
                    "timestamp":  "2025-11-03 10:51:46",
                    "cpu_load":  54,
                    "memory_usage":  42.6
                }
}
{
    "timestamp":  "2025-11-03 10:52:48",
    "metrics":  {
                    "timestamp":  "2025-11-03 10:52:47",
                    "cpu_load":  42,
                    "memory_usage":  41.8
                }
}
{
    "timestamp":  "2025-11-03 10:53:49",
    "metrics":  {
                    "timestamp":  "2025-11-03 10:53:49",
                    "cpu_load":  12,
                    "memory_usage":  41.4
                }
}
{
    "timestamp":  "2025-11-03 10:54:51",
    "metrics":  {
                    "timestamp":  "2025-11-03 10:54:50",
                    "cpu_load":  39,
                    "memory_usage":  42.2
                }
}
{
    "timestamp":  "2025-11-03 10:55:52",
    "metrics":  {
                    "timestamp":  "2025-11-03 10:55:52",
                    "cpu_load":  20,
                    "memory_usage":  42.2
                }
}
{
    "timestamp":  "2025-11-03 10:56:54",
    "metrics":  {
                    "timestamp":  "2025-11-03 10:56:53",
                    "cpu_load":  38,
                    "memory_usage":  42
                }
}
{
    "timestamp":  "2025-11-03 10:57:55",
    "metrics":  {
                    "timestamp":  "2025-11-03 10:57:55",
                    "cpu_load":  23,
                    "memory_usage":  42
                }
}
{
    "timestamp":  "2025-11-03 10:58:57",
    "metrics":  {
                    "timestamp":  "2025-11-03 10:58:56",
                    "cpu_load":  62,
                    "memory_usage":  42.8
                }
}
{
    "timestamp":  "2025-11-03 10:59:59",
    "metrics":  {
                    "timestamp":  "2025-11-03 10:59:58",
                    "cpu_load":  51,
                    "memory_usage":  42.1
                }
}
{
    "timestamp":  "2025-11-03 11:01:00",
    "metrics":  {
                    "timestamp":  "2025-11-03 11:01:00",
                    "cpu_load":  33,
                    "memory_usage":  43.3
                }
}
{
    "timestamp":  "2025-11-03 11:02:02",
    "metrics":  {
                    "timestamp":  "2025-11-03 11:02:01",
                    "cpu_load":  20,
                    "memory_usage":  42.2
                }
}
{
    "timestamp":  "2025-11-03 11:03:03",
    "metrics":  {
                    "timestamp":  "2025-11-03 11:03:03",
                    "cpu_load":  65,
                    "memory_usage":  42.4
                }
}
{
    "timestamp":  "2025-11-03 11:04:05",
    "metrics":  {
                    "timestamp":  "2025-11-03 11:04:04",
                    "cpu_load":  41,
                    "memory_usage":  42.3
                }
}
{
    "timestamp":  "2025-11-03 11:05:06",
    "metrics":  {
                    "timestamp":  "2025-11-03 11:05:06",
                    "cpu_load":  37,
                    "memory_usage":  42.8
                }
}
{
    "timestamp":  "2025-11-03 11:06:08",
    "metrics":  {
                    "timestamp":  "2025-11-03 11:06:07",
                    "cpu_load":  67,
                    "memory_usage":  43.5
                }
}
{
    "timestamp":  "2025-11-03 11:07:09",
    "metrics":  {
                    "timestamp":  "2025-11-03 11:07:09",
                    "cpu_load":  17,
                    "memory_usage":  42.8
                }
}
{
    "timestamp":  "2025-11-03 11:09:21",
    "metrics":  {
                    "timestamp":  "2025-11-03 11:08:10",
                    "cpu_load":  12,
                    "memory_usage":  43.2
                }
}
{
    "timestamp":  "2025-11-03 11:10:23",
    "metrics":  {
                    "timestamp":  "2025-11-03 11:10:22",
                    "cpu_load":  28,
                    "memory_usage":  42.6
                }
}
{
    "timestamp":  "2025-11-03 11:11:24",
    "metrics":  {
                    "timestamp":  "2025-11-03 11:11:24",
                    "cpu_load":  51,
                    "memory_usage":  43.6
                }
}
{
    "timestamp":  "2025-11-03 11:12:26",
    "metrics":  {
                    "timestamp":  "2025-11-03 11:12:26",
                    "cpu_load":  23,
                    "memory_usage":  43.4
                }
}
{
    "timestamp":  "2025-11-03 11:13:28",
    "metrics":  {
                    "timestamp":  "2025-11-03 11:13:27",
                    "cpu_load":  54,
                    "memory_usage":  43.3
                }
}
{
    "timestamp":  "2025-11-03 11:14:29",
    "metrics":  {
                    "timestamp":  "2025-11-03 11:14:29",
                    "cpu_load":  37,
                    "memory_usage":  43.5
                }
}
{
    "timestamp":  "2025-11-03 11:15:31",
    "metrics":  {
                    "timestamp":  "2025-11-03 11:15:30",
                    "cpu_load":  34,
                    "memory_usage":  42.6
                }
}
{
    "timestamp":  "2025-11-03 11:16:32",
    "metrics":  {
                    "timestamp":  "2025-11-03 11:16:32",
                    "cpu_load":  7,
                    "memory_usage":  42.9
                }
}
{
    "timestamp":  "2025-11-03 11:17:34",
    "metrics":  {
                    "timestamp":  "2025-11-03 11:17:33",
                    "cpu_load":  59,
                    "memory_usage":  43.6
                }
}
{
    "timestamp":  "2025-11-03 11:18:35",
    "metrics":  {
                    "timestamp":  "2025-11-03 11:18:35",
                    "cpu_load":  33,
                    "memory_usage":  43.9
                }
}
{
    "timestamp":  "2025-11-03 11:19:37",
    "metrics":  {
                    "timestamp":  "2025-11-03 11:19:37",
                    "cpu_load":  37,
                    "memory_usage":  44.1
                }
}
{
    "timestamp":  "2025-11-03 11:20:40",
    "metrics":  {
                    "timestamp":  "2025-11-03 11:20:38",
                    "cpu_load":  11,
                    "memory_usage":  43.6
                }
}
{
    "timestamp":  "2025-11-03 11:21:42",
    "metrics":  {
                    "timestamp":  "2025-11-03 11:21:42",
                    "cpu_load":  15,
                    "memory_usage":  43.4
                }
}
{
    "timestamp":  "2025-11-03 11:22:43",
    "metrics":  {
                    "timestamp":  "2025-11-03 11:22:43",
                    "cpu_load":  31,
                    "memory_usage":  43.6
                }
}
{
    "timestamp":  "2025-11-03 11:23:45",
    "metrics":  {
                    "timestamp":  "2025-11-03 11:23:45",
                    "cpu_load":  40,
                    "memory_usage":  44.3
                }
}
{
    "timestamp":  "2025-11-03 11:24:47",
    "metrics":  {
                    "timestamp":  "2025-11-03 11:24:46",
                    "cpu_load":  37,
                    "memory_usage":  44.2
                }
}
{
    "timestamp":  "2025-11-03 11:25:48",
    "metrics":  {
                    "timestamp":  "2025-11-03 11:25:48",
                    "cpu_load":  34,
                    "memory_usage":  44.9
                }
}
{
    "timestamp":  "2025-11-03 11:26:50",
    "metrics":  {
                    "timestamp":  "2025-11-03 11:26:49",
                    "cpu_load":  29,
                    "memory_usage":  44.8
                }
}
{
    "timestamp":  "2025-11-03 11:27:52",
    "metrics":  {
                    "timestamp":  "2025-11-03 11:27:51",
                    "cpu_load":  25,
                    "memory_usage":  44.1
                }
}
{
    "timestamp":  "2025-11-03 11:28:53",
    "metrics":  {
                    "timestamp":  "2025-11-03 11:28:53",
                    "cpu_load":  43,
                    "memory_usage":  44.5
                }
}
{
    "timestamp":  "2025-11-03 11:29:55",
    "metrics":  {
                    "timestamp":  "2025-11-03 11:29:54",
                    "cpu_load":  28,
                    "memory_usage":  44.9
                }
}
{
    "timestamp":  "2025-11-03 11:30:57",
    "metrics":  {
                    "timestamp":  "2025-11-03 11:30:56",
                    "cpu_load":  39,
                    "memory_usage":  44.8
                }
}
{
    "timestamp":  "2025-11-03 11:31:58",
    "metrics":  {
                    "timestamp":  "2025-11-03 11:31:58",
                    "cpu_load":  23,
                    "memory_usage":  45.1
                }
}
{
    "timestamp":  "2025-11-03 11:33:00",
    "metrics":  {
                    "timestamp":  "2025-11-03 11:32:59",
                    "cpu_load":  17,
                    "memory_usage":  44.9
                }
}
{
    "timestamp":  "2025-11-03 11:35:26",
    "metrics":  {
                    "timestamp":  "2025-11-03 11:34:01",
                    "cpu_load":  16,
                    "memory_usage":  45.4
                }
}
{
    "timestamp":  "2025-11-03 11:36:27",
    "metrics":  {
                    "timestamp":  "2025-11-03 11:36:27",
                    "cpu_load":  48,
                    "memory_usage":  45.7
                }
}
{
    "timestamp":  "2025-11-03 11:37:29",
    "metrics":  {
                    "timestamp":  "2025-11-03 11:37:29",
                    "cpu_load":  53,
                    "memory_usage":  45.1
                }
}
{
    "timestamp":  "2025-11-03 11:38:31",
    "metrics":  {
                    "timestamp":  "2025-11-03 11:38:30",
                    "cpu_load":  49,
                    "memory_usage":  45
                }
}
{
    "timestamp":  "2025-11-03 11:39:33",
    "metrics":  {
                    "timestamp":  "2025-11-03 11:39:32",
                    "cpu_load":  47,
                    "memory_usage":  45.6
                }
}
{
    "timestamp":  "2025-11-03 11:40:34",
    "metrics":  {
                    "timestamp":  "2025-11-03 11:40:34",
                    "cpu_load":  7,
                    "memory_usage":  45.1
                }
}
{
    "timestamp":  "2025-11-03 11:41:36",
    "metrics":  {
                    "timestamp":  "2025-11-03 11:41:36",
                    "cpu_load":  88,
                    "memory_usage":  43.8
                }
}
{
    "timestamp":  "2025-11-03 11:42:38",
    "metrics":  {
                    "timestamp":  "2025-11-03 11:42:38",
                    "cpu_load":  46,
                    "memory_usage":  45.1
                }
}
{
    "timestamp":  "2025-11-03 11:43:40",
    "metrics":  {
                    "timestamp":  "2025-11-03 11:43:39",
                    "cpu_load":  19,
                    "memory_usage":  44.4
                }
}
