﻿{"SnapshotCount":205,"AvailabilityTimeline":{"EndIso":"2025-11-03T01:18:25","Local":[100,100,100,100,91.67,100,100,92.31,100,100,100,100,100,100,100,0,0,0,0,0,0,0,100,100],"StartIso":"2025-11-02T01:18:20","Cloud":[100,100,100,100,100,100,100,100,100,100,100,100,100,100,100,0,0,0,0,0,0,0,100,100],"Sparkline":{"Local":"@@@@%@@%@@@@@@@       @@","Cloud":"@@@@@@@@@@@@@@@       @@","Gateway":"@@@@@@@@@@@@@@@       @@"},"Hours":["2025-11-02T01:18:20","2025-11-02T02:18:20","2025-11-02T03:18:20","2025-11-02T04:18:20","2025-11-02T05:18:20","2025-11-02T06:18:20","2025-11-02T07:18:20","2025-11-02T08:18:20","2025-11-02T09:18:20","2025-11-02T10:18:20","2025-11-02T11:18:20","2025-11-02T12:18:20","2025-11-02T13:18:20","2025-11-02T14:18:20","2025-11-02T15:18:20","2025-11-02T16:18:20","2025-11-02T17:18:20","2025-11-02T18:18:20","2025-11-02T19:18:20","2025-11-02T20:18:20","2025-11-02T21:18:20","2025-11-02T22:18:20","2025-11-02T23:18:20","2025-11-03T00:18:20","2025-11-03T01:18:20"],"Gateway":[100,100,100,100,100,100,100,100,100,100,100,100,100,100,100,0,0,0,0,0,0,0,100,100],"Interval":"1h"},"AlertsTimeline":{"EndIso":"2025-11-03T01:18:25","Spikes":[3,2,3,2,2,2,2,3,4,5,1,3,4,3,0,0,0,0,0,0,0,0,5,2,0],"Warnings":[3,2,3,2,2,2,3,3,4,5,1,3,4,4,0,0,0,0,0,0,0,0,5,2,0],"Sparkline":{"Warnings":"+-+---++#@.+##        @- ","Alerts":"    @  @ @               ","Spikes":"+-+----+#@.+#+        @- "},"Hours":["2025-11-02T01:18:20","2025-11-02T02:18:20","2025-11-02T03:18:20","2025-11-02T04:18:20","2025-11-02T05:18:20","2025-11-02T06:18:20","2025-11-02T07:18:20","2025-11-02T08:18:20","2025-11-02T09:18:20","2025-11-02T10:18:20","2025-11-02T11:18:20","2025-11-02T12:18:20","2025-11-02T13:18:20","2025-11-02T14:18:20","2025-11-02T15:18:20","2025-11-02T16:18:20","2025-11-02T17:18:20","2025-11-02T18:18:20","2025-11-02T19:18:20","2025-11-02T20:18:20","2025-11-02T21:18:20","2025-11-02T22:18:20","2025-11-02T23:18:20","2025-11-03T00:18:20","2025-11-03T01:18:20"],"StartIso":"2025-11-02T01:18:20","Interval":"1h","Alerts":[0,0,0,0,1,0,0,1,0,1,0,0,0,0,0,0,0,0,0,0,0,0,0,0,0]},"Config":{"PeakEnd":18,"SparklineLen":30,"OptionalChannelsPresent":false,"PeakStart":9,"LogPath":"C:\\workspace\\agi\\outputs\\status_snapshots.jsonl","GeneratedAt":"2025-11-03T10:18:25","Hours":24},"AGI":{"Timeline":[{"timestamp":"2025-11-03T07:29:09.746948","event_count":0,"avg_quality":null,"avg_confidence":null,"second_pass_rate":0.0},{"timestamp":"2025-11-03T07:59:09.746948","event_count":0,"avg_quality":null,"avg_confidence":null,"second_pass_rate":0.0},{"timestamp":"2025-11-03T08:29:09.746948","event_count":14,"avg_quality":null,"avg_confidence":null,"second_pass_rate":0.0},{"timestamp":"2025-11-03T08:59:09.746948","event_count":331,"avg_quality":0.85,"avg_confidence":0.855,"second_pass_rate":0.0},{"timestamp":"2025-11-03T09:29:09.746948","event_count":293,"avg_quality":0.85,"avg_confidence":0.844,"second_pass_rate":0.0},{"timestamp":"2025-11-03T09:59:09.746948","event_count":43,"avg_quality":0.85,"avg_confidence":0.831,"second_pass_rate":0.0}],"SecondPassRate":10.600,"AvgQuality":0.729,"ReplanRate":32.46,"CollectionTime":"2025-11-03T10:18:22.256933","EvidenceCorrection":{"attempts":107,"avg_hits":0.47,"avg_added":0.64,"avg_relevance":0.057,"success_rate":0.059,"fallback_rate":0.0,"forced_attempts":null,"forced_avg_hits":null,"forced_avg_added":null,"forced_success_rate":null,"forced_success_sparkline":null,"forced_samples":null},"TaskCount":499,"Policy":{"last":{"policy":"quality-first","mode":"observe","reasons":["latency 18758ms \u003e max_latency_ms 8000ms"]},"active":"latency-first","counts":{"allow":27,"block":0,"warn":59},"last_time":"2025-11-03T01:05:30"},"Health":{"checks":{"confidence_ok":true,"quality_ok":true,"second_pass_ok":true,"lumen_ok":true,"system_ok":true},"thresholds":{"replan_rate_percent":10,"max_avg_duration_sec":10,"persona":{"low_success_crit_percent":50,"low_success_warn_percent":60,"slow_duration_sec":10},"evidence_forced_ma_window":5,"min_quality":0.6,"min_success_rate_percent":70,"min_confidence":0.6,"evidence_forced_warn_percent":70,"evidence_forced_crit_percent":50,"inactive_hours":2},"policy":{"recent_hours":1.0,"min_samples":{"confidence":5,"quality":5},"samples":{"confidence":677,"quality":719},"notes":{},"resolved_proxy_port":18090},"thresholds_ui":{"replan_rate_percent":10,"max_avg_duration_sec":10,"persona":{"low_success_crit_percent":50,"low_success_warn_percent":60,"slow_duration_sec":10},"evidence_forced_ma_window":5,"min_quality":0.6,"min_success_rate_percent":70,"min_confidence":0.6,"evidence_forced_warn_percent":70,"evidence_forced_crit_percent":50,"inactive_hours":2},"external_services":{"lumen":{"ok":true,"status_code":200,"response_preview":"{\u0027success\u0027: True, \u0027persona\u0027: {\u0027name\u0027: \u0027세나\u0027, \u0027type\u0027: \u0027브리지형\u0027, \u0027emoji\u0027: \u0027✒️\u0027, \u0027specialty\u0027: \u0027연결, 통합\u0027, \u0027key\u0027: \u0027pen\u0027}, \u0027response\u0027: \u0027네, 핑 받았습니다! 세나, 여기 있습니다. (✒️)\\n\\n연결 요청 주셔서 감사합니다! 핑은 마치 두 점을 잇는 연결선 같죠. 지금"},"proxy":{"ok":false,"port":18090,"status":"not_listening"},"system":{"ok":true,"cpu_percent":28.6,"memory_percent":45.1,"disk_percent":48.3,"warnings":{"cpu":false,"memory":false,"disk":false}}},"healthy":true},"TotalEvents":2702,"Alerts":{"HighReplanRate":true,"HighAvgDuration":false,"Inactive":false,"LowQuality":false,"LowSuccessRate":false},"ClosedLoop":{"simulator":{"summary":null,"last_resonance":null,"last_entropy":null},"last_time":"2025-11-03T00:42:38","realtime":{"phase":null,"coherence":null,"strength":null}},"EventTypes":{},"AvgDuration":null,"TimeWindow":24,"PersonaTimeline":{},"AvgConfidence":0.799,"SuccessRate":100,"PersonaStats":{},"LastTaskLatencyMs":18758.110400000081,"Config":{"Evaluation":{"min_quality":null}},"Thresholds":{"replan_rate_percent":10,"max_avg_duration_sec":10,"persona":{"low_success_crit_percent":50,"low_success_warn_percent":60,"slow_duration_sec":10},"evidence_forced_ma_window":5,"min_quality":0.6,"min_success_rate_percent":70,"min_confidence":0.6,"evidence_forced_warn_percent":70,"evidence_forced_crit_percent":50,"inactive_hours":2},"LastActivity":"2025-11-03T10:05:30"},"Channels":{"Local":{"Count":205,"Min":16,"BaselineByTOD":{"Peak":{"Count":110,"Std":288.84,"Mean":49.53},"OffPeak":{"Count":95,"Std":6.62,"Mean":22.08}},"Median":20,"BaselineAlerts":0,"Trend":{"LongMeanMs":21.55,"Direction":"STABLE","ShortMeanMs":21.6,"LongCount":20,"ShortCount":10},"Mean":36.81,"Sparkline":"...-:   .   . . #:.   @.-.   .","SparklineHourlyLatency":"       @                ","AdaptiveAlerts":0,"BaselineWarns":0,"Std":211.63,"Availability":99.02,"Spikes":16,"Max":3051,"HourlyLatency":[21.25,22.58,22.67,23.92,22,21.83,20.92,257.38,21.17,24.33,19.08,21.38,22.08,23.29,20.6,0,0,0,0,0,0,0,21.27,21.17],"P95":38,"AdaptiveWarns":1},"Cloud":{"Count":205,"Min":226,"BaselineByTOD":{"Peak":{"Count":110,"Std":19.12,"Mean":270.69},"OffPeak":{"Count":95,"Std":26.73,"Mean":271.15}},"Median":272,"BaselineAlerts":0,"Trend":{"LongMeanMs":265.55,"Direction":"STABLE","ShortMeanMs":251.6,"LongCount":20,"ShortCount":10},"Mean":270.9,"Sparkline":"    .. + #:#+@=-.+++-*.-. .  :","SparklineHourlyLatency":"%%%%%%@%%%%%%%#       %%","AdaptiveAlerts":0,"BaselineWarns":0,"Std":22.9,"Availability":100,"Spikes":15,"Max":398,"HourlyLatency":[274.67,263.75,275.33,265.67,269.17,275,279,273.08,273.75,276.67,278.92,275.23,274.42,269.64,241.9,0,0,0,0,0,0,0,277.91,256.67],"P95":307,"AdaptiveWarns":0},"Gateway":{"Count":205,"Min":211,"BaselineByTOD":{"Peak":{"Count":110,"Std":47.21,"Mean":228.33},"OffPeak":{"Count":95,"Std":224.34,"Mean":248.24}},"Median":223,"BaselineAlerts":0,"Trend":{"LongMeanMs":230.5,"Direction":"STABLE","ShortMeanMs":230.2,"LongCount":20,"ShortCount":10},"Mean":237.56,"Sparkline":".. :. -..:. ::+.+ @. .:-  *=+-","SparklineHourlyLatency":"==+===+=+@==++=       =+","AdaptiveAlerts":0,"BaselineWarns":0,"Std":156.46,"Availability":100,"Spikes":15,"Max":2410,"HourlyLatency":[220.08,221.42,227.33,226.08,220.67,219.92,261.5,224.15,227.42,408.92,222.25,220.23,227.75,228.07,224.5,0,0,0,0,0,0,0,227,232.25],"P95":243,"AdaptiveWarns":0}},"Health":{"Status":"EXCELLENT","Warnings":1,"AvgAvailability":99.67,"Alerts":3,"Spikes":46},"AlertsSummary":{"Local":{"BaselineAlerts":0,"Spikes":16,"AdaptiveWarns":1,"AdaptiveAlerts":0,"BaselineWarns":0},"Cloud":{"BaselineAlerts":0,"Spikes":15,"AdaptiveWarns":0,"AdaptiveAlerts":0,"BaselineWarns":0},"Total":{"BaselineAlerts":0,"Spikes":46,"AdaptiveWarns":1,"AdaptiveAlerts":0,"BaselineWarns":0},"Gateway":{"BaselineAlerts":0,"Spikes":15,"AdaptiveWarns":0,"AdaptiveAlerts":0,"BaselineWarns":0}},"SessionSummaries":{"Embeddings":8,"LastUpdated":"2025-11-01T11:39:13","RuleSessions":2,"EmbeddingCoverage":72.7,"TotalSessions":11,"IndexPath":"C:\\workspace\\agi\\LLM_Unified\\ion-mentoring\\data\\session_summaries\\index.json","Recent24h":0,"LlmSessions":9,"RecentSessions":[{"summary_type":"llm","embedding_dims":768,"message_count":5,"session_id":"test-session-004","created_at":"2025-11-01T11:39:13.885007","preview":"테스트 세션 4의 요약","user_id":"user-000"},{"summary_type":"rule_based","embedding_dims":768,"message_count":4,"session_id":"test-session-003","created_at":"2025-11-01T11:39:13.384674","preview":"테스트 세션 3의 요약","user_id":"user-001"},{"summary_type":"llm","embedding_dims":768,"message_count":3,"session_id":"test-session-002","created_at":"2025-11-01T11:39:13.086301","preview":"테스트 세션 2의 요약","user_id":"user-000"},{"summary_type":"rule_based","embedding_dims":768,"message_count":2,"session_id":"test-session-001","created_at":"2025-11-01T11:39:12.563057","preview":"Vertex AI 마이그레이션 관련 대화","user_id":"user-001"},{"summary_type":"llm","embedding_dims":768,"message_count":1,"session_id":"test-session-000","created_at":"2025-11-01T11:39:12.263687","preview":"테스트 세션 0의 요약","user_id":"user-000"}],"Available":true},"TimeWindowHours":24,"AlertsBySeverity":{"InfoCount":48,"Total":51,"WarningCount":0,"Warning":[],"CriticalCount":3,"Info":[{"Timestamp":"2025-11-02T10:28:04","Message":"SPIKE: Local LLM latency 24ms (avg 20 +/- 1)"},{"Timestamp":"2025-11-02T11:03:05","Message":"SPIKE: Local LLM latency 25ms (avg 20 +/- 2)"},{"Timestamp":"2025-11-02T11:08:04","Message":"SPIKE: Local LLM latency 31ms (avg 21 +/- 2)"},{"Timestamp":"2025-11-02T11:23:04","Message":"SPIKE: Cloud AI latency 305ms (avg 272 +/- 10)"},{"Timestamp":"2025-11-02T12:13:05","Message":"SPIKE: Local LLM latency 40ms (avg 21 +/- 3)"},{"Timestamp":"2025-11-02T12:28:05","Message":"SPIKE: Gateway latency 262ms (avg 222 +/- 3)"},{"Timestamp":"2025-11-02T12:33:05","Message":"SPIKE: Cloud AI latency 299ms (avg 258 +/- 18)"},{"Timestamp":"2025-11-02T13:08:04","Message":"SPIKE: Local LLM latency 30ms (avg 22 +/- 2)"},{"Timestamp":"2025-11-02T13:33:04","Message":"SPIKE: Gateway latency 255ms (avg 224 +/- 5)"},{"Timestamp":"2025-11-02T13:38:05","Message":"SPIKE: Local LLM latency 33ms (avg 22 +/- 3)"},{"Timestamp":"2025-11-02T14:38:08","Message":"SPIKE: Cloud AI latency 310ms (avg 260 +/- 21)"},{"Timestamp":"2025-11-02T14:48:06","Message":"SPIKE: Local LLM latency 44ms (avg 22 +/- 4)"},{"Timestamp":"2025-11-02T15:43:05","Message":"SPIKE: Cloud AI latency 307ms (avg 272 +/- 6)"},{"Timestamp":"2025-11-02T16:08:04","Message":"SPIKE: Gateway latency 227ms (avg 219 +/- 3)"},{"Timestamp":"2025-11-02T16:23:05","Message":"WARN: Lumen Gateway latency 710ms"},{"Timestamp":"2025-11-02T16:23:05","Message":"SPIKE: Gateway latency 710ms (avg 220 +/- 4)"},{"Timestamp":"2025-11-02T16:48:04","Message":"SPIKE: Cloud AI latency 302ms (avg 270 +/- 7)"},{"Timestamp":"2025-11-02T17:33:05","Message":"SPIKE: Local LLM latency 24ms (avg 20 +/- 1)"},{"Timestamp":"2025-11-02T17:48:05","Message":"SPIKE: Gateway latency 243ms (avg 221 +/- 3)"},{"Timestamp":"2025-11-02T18:13:06","Message":"SPIKE: Cloud AI latency 326ms (avg 267 +/- 25)"},{"Timestamp":"2025-11-02T18:23:03","Message":"SPIKE: Gateway latency 271ms (avg 225 +/- 9)"},{"Timestamp":"2025-11-02T19:13:07","Message":"SPIKE: Local LLM latency 44ms (avg 19 +/- 1)"},{"Timestamp":"2025-11-02T19:13:07","Message":"SPIKE: Cloud AI latency 294ms (avg 270 +/- 3)"},{"Timestamp":"2025-11-02T19:18:04","Message":"SPIKE: Cloud AI latency 292ms (avg 272 +/- 8)"},{"Timestamp":"2025-11-02T19:23:04","Message":"SPIKE: Cloud AI latency 298ms (avg 274 +/- 10)"},{"Timestamp":"2025-11-02T19:28:05","Message":"SPIKE: Local LLM latency 40ms (avg 22 +/- 8)"},{"Timestamp":"2025-11-02T19:28:05","Message":"SPIKE: Cloud AI latency 315ms (avg 277 +/- 13)"},{"Timestamp":"2025-11-02T19:53:04","Message":"SPIKE: Gateway latency 256ms (avg 224 +/- 6)"},{"Timestamp":"2025-11-02T20:03:07","Message":"SPIKE: Gateway latency 2410ms (avg 228 +/- 11)"},{"Timestamp":"2025-11-02T20:28:04","Message":"SPIKE: Cloud AI latency 307ms (avg 271 +/- 15)"},{"Timestamp":"2025-11-02T21:48:05","Message":"SPIKE: Cloud AI latency 398ms (avg 270 +/- 12)"},{"Timestamp":"2025-11-02T21:53:05","Message":"SPIKE: Local LLM latency 28ms (avg 19 +/- 1)"},{"Timestamp":"2025-11-02T21:58:05","Message":"SPIKE: Local LLM latency 29ms (avg 20 +/- 3)"},{"Timestamp":"2025-11-02T22:28:05","Message":"SPIKE: Gateway latency 229ms (avg 218 +/- 5)"},{"Timestamp":"2025-11-02T22:43:05","Message":"SPIKE: Gateway latency 234ms (avg 220 +/- 5)"},{"Timestamp":"2025-11-02T22:48:05","Message":"SPIKE: Gateway latency 241ms (avg 222 +/- 7)"},{"Timestamp":"2025-11-02T22:58:05","Message":"SPIKE: Local LLM latency 36ms (avg 21 +/- 4)"},{"Timestamp":"2025-11-02T23:27:40","Message":"ADAPTIVE WARN: Local LLM latency 32ms (thr 30 = avg 21 + 1.5 sig 6)"},{"Timestamp":"2025-11-02T23:54:08","Message":"SPIKE: Local LLM latency 40ms (avg 22 +/- 5)"},{"Timestamp":"2025-11-02T23:54:08","Message":"SPIKE: Gateway latency 238ms (avg 226 +/- 5)"},{"Timestamp":"2025-11-03T00:04:04","Message":"SPIKE: Gateway latency 240ms (avg 227 +/- 6)"},{"Timestamp":"2025-11-03T08:39:22","Message":"SPIKE: Cloud AI latency 281ms (avg 242 +/- 19)"},{"Timestamp":"2025-11-03T08:49:05","Message":"SPIKE: Cloud AI latency 311ms (avg 243 +/- 21)"},{"Timestamp":"2025-11-03T08:59:04","Message":"SPIKE: Cloud AI latency 308ms (avg 248 +/- 27)"},{"Timestamp":"2025-11-03T09:09:04","Message":"SPIKE: Gateway latency 243ms (avg 225 +/- 5)"},{"Timestamp":"2025-11-03T09:14:08","Message":"SPIKE: Local LLM latency 38ms (avg 19 +/- 2)"},{"Timestamp":"2025-11-03T09:23:05","Message":"SPIKE: Gateway latency 260ms (avg 228 +/- 9)"},{"Timestamp":"2025-11-03T09:43:07","Message":"SPIKE: Local LLM latency 42ms (avg 21 +/- 6)"}],"Critical":[{"Timestamp":"2025-11-02T14:38:08","Message":"Local LLM offline (503)"},{"Timestamp":"2025-11-02T17:53:29","Message":"Local LLM offline (0)"},{"Timestamp":"2025-11-02T20:03:07","Message":"ALERT: Lumen Gateway latency 2410ms"}]},"PeriodComparison":{"CurrentPeriod":{"End":"2025-11-03T01:18:25","Count":205,"Start":"2025-11-02T01:18:20"},"AvailabilityChange":{"Local":{"Current":99.02,"ChangePercent":-0.3,"Change":-0.29000000000000625,"Previous":99.31,"Trend":"DOWN","Arrow":null},"Cloud":{"Current":100,"ChangePercent":0.4,"Change":0.35,"Previous":99.65,"Trend":"UP","Arrow":"▲"},"Gateway":{"Current":100,"ChangePercent":0,"Change":0,"Previous":100,"Trend":"STABLE","Arrow":null}},"LatencyChange":{"Local":{"Current":36.81,"ChangePercent":-25.1,"Change":-12.339999999999996,"Previous":49.15,"Trend":"FASTER","Arrow":null},"Cloud":{"Current":270.9,"ChangePercent":1.6,"Change":4.1599999999999682,"Previous":266.74,"Trend":"SLOWER","Arrow":"▲"},"Gateway":{"Current":237.56,"ChangePercent":1.6,"Change":3.6500000000000057,"Previous":233.91,"Trend":"SLOWER","Arrow":"▲"}},"PreviousPeriod":{"End":"2025-11-02T01:18:20","Count":288,"Start":"2025-11-01T01:18:20"},"ComparisonWindow":"24h"},"Generated":"2025-11-03T10:18:25","OptionalChannels":{}}